key,label,n,is_mean,is_t,is_nw,is_trim,p_is,ho_mean,ho_t,ho_nw,ho_win,p_ho,wf_mean,wf_t,wf_win,wf_n,p_wf,boot_p5,boot_p50,boot_p95,p_leq_0,wf_trim,n_gates,VERDICT,gates
news_USDCHF_0.5_1_HM,news USDCHF thr=0.5 h=1 tier=HM,2856,0.0001489018005954834,1.392844349009093,1.392570309951235,0.00020325187506756452,0.007992007992007992,0.00047890436254243335,3.0684846919352875,2.406713360148576,0.5445462114904246,0.000999000999000999,0.00026552008912811807,2.7373861819226706,0.7,10,0.000999000999000999,0.00011025190076567711,0.0002636070438891087,0.0004186712530743422,0.0016,0.0002570166290969252,5,FAIL,|t_is|>2
streak_EURUSD_H,streak EURUSD tier=H,244,-0.001054929808481567,-2.1270678832215597,-1.9433182851705921,-0.0009605049006846255,0.97002997002997,0.001315543614929164,3.1451193166236164,2.3122768828455538,0.5875706214689266,0.000999000999000999,0.0007153740071985894,,,7,0.008991008991008992,0.00021293893525028314,0.0006720278673835801,0.0012887887242303236,0.0032,0.000470419507168506,5,FAIL,p_is<0.01
news_USDJPY_1.0_5_H,news USDJPY thr=1.0 h=5 tier=H,280,-0.0016413388285389096,-1.8083072014026016,-2.326827754088533,-0.0022865146462996127,0.9430569430569431,0.0026979401413648554,2.4013084351413183,2.1862226910127442,0.5205479452054794,0.006993006993006993,0.0015347261517611212,,,8,0.000999000999000999,0.00031689205988781404,0.0015347261517611212,0.0029435748004441728,0.0236,0.0010128821638049304,4,FAIL,|t_is|>2; p_is<0.01
news_USDCHF_0.5_2_HM,news USDCHF thr=0.5 h=2 tier=HM,2855,2.4861006102850004e-05,0.16652139509580224,0.15248314304441538,0.00015086177078979114,0.18281718281718282,0.0007000300964700445,3.2267635288610226,2.570852298177698,0.5533333333333333,0.000999000999000999,0.000281378195780816,1.5760502149333566,0.6,10,0.000999000999000999,2.897405746859657e-06,0.00027925528691869996,0.0005581742441530185,0.0486,0.00027097211417385187,4,FAIL,|t_is|>2; p_is<0.01
news_USDCHF_1.0_3_HM,news USDCHF thr=1.0 h=3 tier=HM,1481,-0.00029852488686141974,-1.2233932035326933,-1.1756302403812349,-0.00012670601983309158,0.7902097902097902,0.0010141465503452434,2.704112340056022,2.0655855420044573,0.5224137931034483,0.002997002997002997,0.00035374407138955347,1.554376461537013,0.3,10,0.000999000999000999,3.104558787714636e-05,0.0003432791095731458,0.0007433606605718884,0.0352,0.0002193749035925451,4,FAIL,|t_is|>2; p_is<0.01
basket_0.5_5_H,basket thr=0.5 h=5 tier=H,542,-0.0003661557419277995,-0.5604852411105533,-0.5429713916881352,-0.0005994895610955544,1.0,0.0015568384677037465,2.9933096663346683,2.39085361640909,0.543026706231454,0.000999000999000999,0.0006584066794929994,,,9,0.000999000999000999,0.00016263573620244368,0.0006584066794929991,0.0012499313665389697,0.0268,0.0004502400618621065,4,FAIL,|t_is|>2; p_is<0.01
sizez_USDCAD_1.0_HM,size|z| USDCAD thr=1.0 tier=HM,1481,2.6464158309975835e-05,0.07050773733558208,0.06607193610787286,-1.4322895909646264e-05,0.5494505494505495,0.0009788220393046052,3.261886906396557,2.711364766626308,0.5637931034482758,0.000999000999000999,0.0004173381170123661,1.6052500107484606,0.5,10,0.000999000999000999,6.194078245723611e-05,0.0003956442116236247,0.0008552051544882288,0.0176,0.00024042200579844789,4,FAIL,|t_is|>2; p_is<0.01
streak_USDJPY_HM,streak USDJPY tier=HM,1589,0.00020345129116785355,1.2457842372305037,0.9890723836370826,0.0001620941198947804,0.03496503496503497,0.0015117294597038543,5.526910099396618,3.957449819857841,0.586053412462908,0.000999000999000999,0.0007616297320367435,2.8706802703217447,0.8,10,0.000999000999000999,0.0003464899935901928,0.000756951646621584,0.001173933986358929,0.0014,0.0007714409150945847,4,FAIL,|t_is|>2; p_is<0.01
news_EURUSD_0.5_5_H,news EURUSD thr=0.5 h=5 tier=H,542,-0.0004307102432509324,-0.6610073232513196,-0.7198779787635016,-0.0007107253438325419,0.6893106893106893,0.0016744370613453734,2.989091174785512,2.4010483975925743,0.5519287833827893,0.000999000999000999,0.0006261433438899174,,,9,0.001998001998001998,0.00020126624863074817,0.0006261433438899174,0.0010598467164266866,0.0268,0.000528889852978838,4,FAIL,|t_is|>2; p_is<0.01
news_USDJPY_0.5_5_H,news USDJPY thr=0.5 h=5 tier=H,542,-0.0006375822956729777,-0.8679140405202489,-0.9018915447354406,-0.000572546705637113,0.7912087912087912,0.0022870800536054564,3.15648126972486,2.6678946564639414,0.5519287833827893,0.001998001998001998,0.0007992800424723866,,,9,0.001998001998001998,9.476647235743841e-05,0.0007045135701149481,0.0017220821524075234,0.0268,0.00037083896559621986,4,FAIL,|t_is|>2; p_is<0.01
streak_USDJPY_H,streak USDJPY tier=H,244,-0.0012604437115128486,-1.889320941011999,-1.7432268088370622,-0.0011592363387591266,0.9630369630369631,0.002061050872921872,3.952111615010985,3.3972428432551527,0.6214689265536724,0.000999000999000999,0.0010877750369050442,,,7,0.001998001998001998,0.00047012907418218623,0.0010877750369050442,0.0016870406171896235,0.0032,0.0010606045106907346,4,FAIL,|t_is|>2; p_is<0.01
streak_EURUSD_HM,streak EURUSD tier=HM,1589,5.4881937247622644e-05,0.3656738650959816,0.3061400724354971,6.955237417460418e-05,0.17282717282717283,0.0006756441934988585,3.281036435768592,2.327067614974896,0.5356083086053413,0.000999000999000999,0.00032595018977328035,1.8946954692506155,0.7,10,0.002997002997002997,6.100422286717137e-05,0.0003238423882507412,0.0005976039118706828,0.0194,0.00031443181830455823,4,FAIL,|t_is|>2; p_is<0.01
streak_GBPUSD_HM,streak GBPUSD tier=HM,1589,8.954297309330178e-05,0.4756110370369279,0.37334172691911904,0.00019452623691582709,0.18981018981018982,0.0010292053489716541,4.326748569127472,3.079561241361292,0.5741839762611276,0.000999000999000999,0.00038525514183288185,1.6551141733161119,0.6,10,0.002997002997002997,3.378249056187734e-05,0.00037912304091979423,0.0007609096664369751,0.036,0.00035904938061220284,4,FAIL,|t_is|>2; p_is<0.01
sizez_EURUSD_0.5_H,size|z| EURUSD thr=0.5 tier=H,545,-0.0003920426474353352,-0.8611151487549098,-0.7716091479025096,-0.0004256165161353416,0.9120879120879121,0.0009452428318680075,2.461884021533481,2.1000217278776354,0.5441176470588235,0.000999000999000999,0.0005232035512123711,,,9,0.003996003996003996,0.00021685486464877526,0.000504776464441045,0.0008843796839206982,0.001,0.00039600550099496074,4,FAIL,|t_is|>2; p_is<0.01
volman_GBPUSD_HM,vol-managed GBPUSD tier=HM,2850,5.294610613335399e-05,0.3468904873588986,0.32352092484907846,0.00014232405705301245,0.41358641358641357,0.0005749899998972991,3.369837481938666,2.677344431443746,0.5270607826810991,0.000999000999000999,0.00028168056867799605,2.16692051944075,0.6,10,0.004995004995004995,7.711696061026635e-05,0.0002815875767437849,0.0004887187246073636,0.0116,0.000298706799163676,4,FAIL,|t_is|>2; p_is<0.01
news_GBPUSD_0.5_5_H,news GBPUSD thr=0.5 h=5 tier=H,542,-0.0014030801103531926,-1.4562206513704727,-1.4017167253249472,-0.0014935922901799599,0.9120879120879121,0.0015896299532809337,2.639384798216103,2.1601575103254125,0.5608308605341247,0.003996003996003996,0.0005973251645481051,,,9,0.006993006993006993,0.00014422053998615694,0.0005973251645481051,0.0010839968396511171,0.0268,0.0004551291347099133,4,FAIL,|t_is|>2; p_is<0.01
news_USDJPY_1.5_5_HM,news USDJPY thr=1.5 h=5 tier=HM,710,-4.3690718966165456e-05,-0.08374926248227738,-0.0830570855858889,0.00015504150550468474,0.46253746253746253,0.0020237720651551257,2.4995528378447305,2.25176422115601,0.5428571428571428,0.006993006993006993,0.0007243325023562374,,,9,0.007992007992007992,0.00017575864681311043,0.0007298289846841754,0.0012596529969311425,0.016,0.0008053091941514244,4,FAIL,|t_is|>2; p_is<0.01
news_USDJPY_0.5_5_HM,news USDJPY thr=0.5 h=5 tier=HM,2852,-5.9614101711536114e-05,-0.22842599754956672,-0.21141849253574443,-6.432434298595746e-05,0.4825174825174825,0.0015188989115872123,3.927127362266129,3.2900915011095577,0.5513784461152882,0.000999000999000999,0.00041443851324703606,1.6336815713177457,0.5,10,0.008991008991008992,1.7897878600969483e-05,0.00040828625813735443,0.0008081672121913339,0.0372,0.0003868878679720323,4,FAIL,|t_is|>2; p_is<0.01
news_USDCHF_1.0_3_H,news USDCHF thr=1.0 h=3 tier=H,281,-0.0013637886359824274,-2.1595392238060125,-2.031023096916757,-0.0011014062566597734,0.975024975024975,0.0012841821744559103,1.737532982805719,1.415647528555658,0.5374149659863946,0.03296703296703297,0.0005997122261598852,,,8,0.011988011988011988,6.591918234151576e-05,0.0005924489434157862,0.0012064131691779177,0.0236,0.0003512028846401482,4,FAIL,p_is<0.01; ho NW t>2 & p<0.05
sizez_USDCAD_1.0_H,size|z| USDCAD thr=1.0 tier=H,281,-0.0009396334140928177,-0.8169955153288597,-0.711777901637664,-0.001674721185799226,0.991008991008991,0.0016171634359836,2.607536978107103,2.325292166764016,0.5986394557823129,0.000999000999000999,0.0005962742961269636,,,8,0.014985014985014986,0.00019287484113534903,0.0005779275616039073,0.001037466770622812,0.0046,0.0004886729221566817,4,FAIL,|t_is|>2; p_is<0.01
news_USDJPY_1.5_5_H,news USDJPY thr=1.5 h=5 tier=H,130,-0.0006962075861465694,-0.5121856493562111,-0.4863409839850943,-0.0005295475120650028,0.6553446553446554,0.0028201852560278077,1.6729911756248201,2.1234852110070603,0.5138888888888888,0.04895104895104895,0.001492406139831806,,,6,0.015984015984015984,0.00020037509046007295,0.0014924061398318058,0.0028846247344335753,0.0164,0.0009561563720175703,4,FAIL,|t_is|>2; p_is<0.01
news_USDJPY_0.5_1_HM,news USDJPY thr=0.5 h=1 tier=HM,2856,0.00014430360185267079,1.1387526084091133,1.1235571003348248,0.00018745515941697393,0.03396603396603397,0.0007577826952832952,3.775062105004332,3.034094780822935,0.5395503746877602,0.000999000999000999,0.0004013277900605298,2.9906159541707633,0.8,10,0.017982017982017984,0.00018488133297024246,0.00040120230508236933,0.0006091863866838744,0.0018,0.00041062471481558786,4,FAIL,|t_is|>2; p_is<0.01
news_NZDUSD_1.0_1_H,news NZDUSD thr=1.0 h=1 tier=H,281,-0.001240122429234472,-2.0462982822415743,-1.7362469652542114,-0.0011937077404765733,0.9660339660339661,0.0014248531294867518,2.0280057692184283,1.8350816490059891,0.5850340136054422,0.01098901098901099,0.0005745940333759288,,,8,0.024975024975024976,0.00013473788340844235,0.0005745940333759288,0.0010685489506687745,0.0236,0.0004368220996393411,4,FAIL,p_is<0.01; ho NW t>2 & p<0.05
volman_USDJPY_HM,vol-managed USDJPY tier=HM,2850,0.00024113292425778648,1.7009004784809831,1.5796059974742784,0.00033232363400365604,0.34465534465534464,0.0005934357335718545,3.225451685139076,2.700287090846434,0.5395503746877602,0.007992007992007992,0.0003896300957821722,3.599230575711512,0.9,10,0.025974025974025976,0.00021035366013090581,0.0003918797376974624,0.0005510134842175781,0.0002,0.00041673762119404534,4,FAIL,|t_is|>2; p_is<0.01
sizez_USDJPY_0.5_H,size|z| USDJPY thr=0.5 tier=H,545,-0.0002504755622429396,-0.3578329334217796,-0.33364699981107876,-0.00023960287858149255,0.8731268731268731,0.001569621546723453,3.1308557688622685,2.6904636930663797,0.5676470588235294,0.000999000999000999,0.0006138579075793154,,,9,0.026973026973026972,9.917537266522307e-05,0.0005923248700421907,0.0012151950635316171,0.0224,0.00044611035707875843,4,FAIL,|t_is|>2; p_is<0.01
news_USDJPY_1.0_5_HM,news USDJPY thr=1.0 h=5 tier=HM,1479,-0.00020059997695799967,-0.5628127610590751,-0.5080741171077403,-9.854380539590642e-05,0.6393606393606394,0.0015194333334575731,2.7581269459950937,2.1950181458475666,0.5415224913494809,0.003996003996003996,0.0004571704368816211,1.7386122946054972,0.5,10,0.027972027972027972,5.797829355918038e-05,0.0004512541376417966,0.0008763129624895818,0.0296,0.00045122720507860477,4,FAIL,|t_is|>2; p_is<0.01
news_USDJPY_1.0_3_H,news USDJPY thr=1.0 h=3 tier=H,281,-0.0018296728594437727,-2.3670716534301683,-2.432897411552776,-0.00191439462290098,0.996003996003996,0.00209276144303855,2.27060414075485,2.0261938099031203,0.5374149659863946,0.007992007992007992,0.0007511652464644742,,,8,0.03396603396603397,-0.00012825659476819028,0.0007511652464644742,0.001758843682465329,0.1072,0.0005759844524886814,4,FAIL,p_is<0.01; boot P(<=0)<0.05
news_USDCAD_1.0_1_H,news USDCAD thr=1.0 h=1 tier=H,281,-0.0004474531215612936,-0.9979404016853772,-0.9243130966994255,-0.0009442018134425251,0.8041958041958042,0.0008234239913640362,2.385153811863327,2.1575734484176854,0.5986394557823129,0.003996003996003996,0.0004772026737718619,,,8,0.03496503496503497,0.0001801028393017019,0.0004603620925108026,0.0008230494290096714,0.001,0.0003374367258546394,4,FAIL,|t_is|>2; p_is<0.01
news_USDJPY_0.5_1_H,news USDJPY thr=0.5 h=1 tier=H,545,-0.0003968804678513797,-0.9976112726385413,-0.9124025497039022,-0.0002956845985768581,0.7922077922077922,0.001324067955735196,3.461830271631908,2.9942546816153466,0.5676470588235294,0.000999000999000999,0.0006076176179198911,,,9,0.03596403596403597,0.00023024487574162887,0.0006056286902286505,0.0010216042041913934,0.0058,0.0004877507184036463,4,FAIL,|t_is|>2; p_is<0.01
streak_USDCAD_H,streak USDCAD tier=H,244,-0.0002804093506112813,-0.4554020487385039,-0.4188445469074852,-0.0004255884831821399,0.6583416583416584,0.001186514561138769,3.6726381879090213,2.958389013734107,0.615819209039548,0.000999000999000999,0.0005758768922979157,,,7,0.03596403596403597,0.0001961382964778716,0.0005621452637187323,0.0009693471166971433,0.0032,0.00046688815925889274,4,FAIL,|t_is|>2; p_is<0.01
volman_USDCAD_H,vol-managed USDCAD tier=H,545,-0.0001509535203330659,-0.450694499792608,-0.41664839280655164,-0.0004000575626534904,0.7382617382617382,0.0006297983649565368,2.6515416211648755,2.359240940429926,0.5705882352941176,0.004995004995004995,0.0003377942908109394,,,9,0.03796203796203796,0.00013115532476368883,0.00032717513752199653,0.0005765998372474305,0.001,0.0002461158135013652,4,FAIL,|t_is|>2; p_is<0.01
news_EURUSD_1.0_3_H,news EURUSD thr=1.0 h=3 tier=H,281,-0.0015338752730281395,-2.239731552923305,-2.170523477233032,-0.001888503217900688,0.9820179820179821,0.0007706722499206201,1.136255197793932,0.9704345563329742,0.5782312925170068,0.1018981018981019,0.0004648051035995114,,,8,0.03896103896103896,2.0392432922694784e-05,0.0004444126706768166,0.0009946286995813805,0.0236,0.0002529294521963059,4,FAIL,p_is<0.01; ho NW t>2 & p<0.05
sizez_GBPUSD_0.5_H,size|z| GBPUSD thr=0.5 tier=H,545,-0.0012733232048637035,-1.802683663758893,-1.4403618380158796,-0.001510113794393097,1.0,0.0014255791508127964,2.942310123380361,2.407722865895614,0.5588235294117647,0.000999000999000999,0.0003713963762629011,,,9,0.04395604395604396,6.28051317436444e-05,0.0003713963762629011,0.000710348046951067,0.0268,0.00025961212403848054,4,FAIL,|t_is|>2; p_is<0.01
sizez_USDCAD_0.5_H,size|z| USDCAD thr=0.5 tier=H,545,-0.0007551325023745586,-0.9884443721572778,-0.8569124755665848,-0.001046919425513963,0.996003996003996,0.0009197857852058523,3.088038650910008,2.772572296789998,0.5676470588235294,0.000999000999000999,0.00031959480312964143,,,9,0.04895104895104895,7.742751746164827e-05,0.00030920247328053923,0.0005937169620947526,0.0058,0.00021747945798066868,4,FAIL,|t_is|>2; p_is<0.01
streak_GBPUSD_H,streak GBPUSD tier=H,244,-0.002273502521615895,-3.1685443200282637,-3.2636159646087513,-0.002993749040294741,0.998001998001998,0.0017727485649580098,3.7427478700508017,2.6937629224269424,0.5875706214689266,0.000999000999000999,0.0005071186121233192,,,7,0.06593406593406594,8.917766706933117e-05,0.0005071186121233192,0.0009688913768855793,0.0234,0.00032430075469053307,4,FAIL,p_is<0.01; wf>0 & p_wf<0.05
basket_0.5_1_HM,basket thr=0.5 h=1 tier=HM,2856,-6.627826082304253e-05,-0.6824761019185319,-0.6745113117688505,-8.642729323043466e-05,0.008991008991008992,0.000458162329360904,3.3472513776439516,2.578179718732394,0.5287260616153205,0.000999000999000999,0.00012429394895430726,1.5460946551293278,0.4,10,0.07492507492507493,4.317306402027841e-06,0.00011964326950211299,0.00025678971981453523,0.0432,9.83771093588386e-05,4,FAIL,|t_is|>2; wf>0 & p_wf<0.05
streak_AUDUSD_H,streak AUDUSD tier=H,244,-0.0018259033676652587,-2.2672836778936065,-2.247251210667698,-0.0013701427948948715,0.989010989010989,0.001952497966076282,3.394907795794901,2.445581575941317,0.5932203389830508,0.000999000999000999,0.00048223908548901504,,,7,0.0899100899100899,5.0553548968855083e-05,0.000482239085489015,0.0009510128694266486,0.0234,0.00031160558665007906,4,FAIL,p_is<0.01; wf>0 & p_wf<0.05
news_USDJPY_0.5_2_H,news USDJPY thr=0.5 h=2 tier=H,544,-0.001000810628754046,-2.048130144510121,-1.7604398437761393,-0.0007884604583726959,0.9820179820179821,0.0012658824261384681,2.6091612444183037,2.150343051819755,0.5457227138643068,0.005994005994005994,0.00046384977582081055,,,9,0.09290709290709291,5.807959300115121e-05,0.00045067706474232844,0.0009462473168244328,0.0302,0.000335517219153687,4,FAIL,p_is<0.01; wf>0 & p_wf<0.05
news_NZDUSD_0.5_1_H,news NZDUSD thr=0.5 h=1 tier=H,545,-0.0012406212711514265,-2.658404979445924,-2.315556042500608,-0.0009615821068564372,0.9920079920079921,0.0010556078357327418,2.534167553763683,2.0101395754811064,0.55,0.004995004995004995,0.00018912134062395362,,,9,0.1258741258741259,1.9053231615269517e-05,0.00018912134062395362,0.00037824268124790725,0.0268,0.00011929177484720384,4,FAIL,p_is<0.01; wf>0 & p_wf<0.05
basket_0.5_1_H,basket thr=0.5 h=1 tier=H,545,-0.0006531903573548647,-2.4213201681175556,-2.0512746116118974,-0.0005764938117744152,1.0,0.0008981912007768668,3.277920514789687,2.5775654573322653,0.5441176470588235,0.000999000999000999,0.00018690839983748976,,,9,0.13586413586413587,4.3871607540703246e-05,0.0001869083998374897,0.00034796302937418686,0.0268,0.0001367756808031815,4,FAIL,p_is<0.01; wf>0 & p_wf<0.05
news_EURUSD_1.0_5_H,news EURUSD thr=1.0 h=5 tier=H,280,-0.0008263442610948787,-0.9752013061135723,-1.0413555643303074,-0.0016488280150761755,0.7962037962037962,0.0015631299649085414,1.7512016060898907,1.5709565550479798,0.5616438356164384,0.03696303696303696,0.0009379832924136637,,,8,0.000999000999000999,0.00026851211585859067,0.0009331802664345611,0.001760467317686764,0.0052,0.000675803034505121,3,FAIL,|t_is|>2; p_is<0.01; ho NW t>2 & p<0.05
news_EURUSD_2.0_5_HM,news EURUSD thr=2.0 h=5 tier=HM,377,0.0005915088908121373,0.9444987209829164,0.8169785462194423,0.0017302861640224058,0.14985014985014986,0.0009072044007864641,0.8958995831955838,1.1477750002112588,0.5251798561151079,0.16683316683316685,0.0011013047132335055,,,9,0.000999000999000999,0.0002872484618015004,0.0011011926348603648,0.0018900627565525618,0.0108,0.0011785485046260503,3,FAIL,|t_is|>2; p_is<0.01; ho NW t>2 & p<0.05
news_USDCAD_1.0_5_H,news USDCAD thr=1.0 h=5 tier=H,280,0.0012692376128622495,1.3593706930529332,1.239450394433313,0.0008944643876350885,0.07492507492507493,0.000783873449963225,1.1621425321434784,1.11993119164098,0.547945205479452,0.1108891108891109,0.0010495064055861289,,,8,0.000999000999000999,0.0002276821617269325,0.0010109881717805696,0.0019881185854864966,0.0064,0.0007071824866609391,3,FAIL,|t_is|>2; p_is<0.01; ho NW t>2 & p<0.05
news_USDCHF_0.5_5_HM,news USDCHF thr=0.5 h=5 tier=HM,2852,2.1992189797848586e-05,0.09484737863433404,0.08623123762247008,0.0002529109047144159,0.2777222777222777,0.0010907035007676144,3.4910995743437474,2.8712839498904215,0.5446950710108605,0.000999000999000999,0.00026531081648958996,0.8963811057866553,0.4,10,0.000999000999000999,-0.0002077875148601303,0.0002655151329217411,0.0007171013447792133,0.1808,0.00029951333897588523,3,FAIL,|t_is|>2; p_is<0.01; boot P(<=0)<0.05
news_USDCHF_1.0_5_HM,news USDCHF thr=1.0 h=5 tier=HM,1479,-7.888664158732998e-05,-0.2483597694409252,-0.21843222869668139,5.5892327415556e-05,0.4775224775224775,0.0010219329613367796,2.2511040431658955,1.8293489433011918,0.5311418685121108,0.005994005994005994,0.00047738201773232325,1.569547341772886,0.4,10,0.000999000999000999,1.706177847296598e-05,0.00045827734111780673,0.0009821365618364229,0.0462,0.00038574138663356804,3,FAIL,|t_is|>2; p_is<0.01; ho NW t>2 & p<0.05
news_USDCHF_2.0_5_HM,news USDCHF thr=2.0 h=5 tier=HM,377,0.0009920537380120422,1.7292628565790689,1.439983228871205,0.0018026012408909494,0.03396603396603397,0.0010958619099890143,1.1004880265038788,1.1909746829245411,0.5251798561151079,0.1038961038961039,0.0009002901587690025,,,9,0.000999000999000999,9.007072696074035e-06,0.0009155791507337634,0.0016917724146054563,0.0474,0.0010837193423166535,3,FAIL,|t_is|>2; p_is<0.01; ho NW t>2 & p<0.05
basket_1.0_5_H,basket thr=1.0 h=5 tier=H,280,-0.00032179623044577824,-0.3641149555027411,-0.354593164965019,-0.0007945883341344488,0.998001998001998,0.0015187292916036795,1.7933102745247131,1.5235075528112556,0.5342465753424658,0.000999000999000999,0.0009408258533027058,,,8,0.000999000999000999,0.0001326475409819855,0.0009407424349760173,0.0018430123270159176,0.0256,0.0007528009868772471,3,FAIL,|t_is|>2; p_is<0.01; ho NW t>2 & p<0.05
news_USDCHF_0.5_3_HM,news USDCHF thr=0.5 h=3 tier=HM,2855,-8.949980382997435e-05,-0.4974219695406989,-0.46311063720444423,7.529099997270903e-05,0.4595404595404595,0.0008157294072792733,3.262847133360625,2.617011916227747,0.5316666666666666,0.000999000999000999,0.00017938897295763893,0.941899078986292,0.5,10,0.001998001998001998,-0.00012544618266424747,0.00017941767303305265,0.0004714526534119103,0.1686,0.00019387528613917332,3,FAIL,|t_is|>2; p_is<0.01; boot P(<=0)<0.05
news_NZDUSD_2.0_5_HM,news NZDUSD thr=2.0 h=5 tier=HM,377,0.00047637221534871783,0.5094103080254111,0.4461001817723245,0.0018513852676820893,0.2517482517482518,0.001283477864162642,1.0768707136320892,1.0008050123107906,0.5683453237410072,0.1018981018981019,0.0013821609143764991,,,9,0.001998001998001998,8.366110096118449e-05,0.0014143661389382895,0.0026550167838456464,0.0394,0.00153868788797954,3,FAIL,|t_is|>2; p_is<0.01; ho NW t>2 & p<0.05
sizez_EURUSD_1.0_H,size|z| EURUSD thr=1.0 tier=H,281,-0.00038560174762540365,-0.5747901884049071,-0.560204416037696,-0.0006060557771158472,0.8471528471528471,0.0015027987191896333,1.8599124628236356,1.4927876864437908,0.5510204081632653,0.000999000999000999,0.000998190935240846,,,8,0.001998001998001998,0.00044509380423422026,0.0009676475932801603,0.0016496581537405678,0.001,0.000792949042483622,3,FAIL,|t_is|>2; p_is<0.01; ho NW t>2 & p<0.05
sizez_USDJPY_1.0_H,size|z| USDJPY thr=1.0 tier=H,281,-0.00039265241283578835,-0.3744504505058442,-0.36215999410826144,-0.0002978857875281589,0.8901098901098901,0.002331887068368611,2.184915519912974,1.8005754441846689,0.5306122448979592,0.000999000999000999,0.0011396632629327393,,,8,0.001998001998001998,0.00029496487496545235,0.0010919934593002563,0.0021445013055431134,0.0046,0.00068479560794809,3,FAIL,|t_is|>2; p_is<0.01; ho NW t>2 & p<0.05
title_Non_Farm_Payrolls,title Non Farm Payrolls,265,-0.0003557177259628401,-0.7188263718407742,-0.701241356393658,-0.00030669982373489286,0.6993006993006993,0.0028204869120209155,4.356410540106805,2.813222430543251,0.584,0.000999000999000999,0.0008928133330211508,,,9,0.001998001998001998,-0.0004974287334299698,0.0008117827562831966,0.002895334497925214,0.2372,5.7851280483358116e-05,3,FAIL,|t_is|>2; p_is<0.01; boot P(<=0)<0.05
sizez_AUDUSD_1.0_HM,size|z| AUDUSD thr=1.0 tier=HM,1481,-0.0005713351287993042,-1.0561621983964273,-0.9973089499189365,-0.0006154878289832275,0.998001998001998,0.0017723529163737558,3.1982376670272625,2.573159140915498,0.55,0.000999000999000999,0.0004739727430384262,1.424476345810097,0.4,10,0.002997002997002997,0.0,0.0004632249160229484,0.0010219601252495522,0.0506,0.00037594388929884913,3,FAIL,|t_is|>2; p_is<0.01; boot P(<=0)<0.05
sizez_GBPUSD_1.0_H,size|z| GBPUSD thr=1.0 tier=H,281,-0.0017685327665933987,-1.6899008006387677,-1.3706537271433272,-0.0025368448565748613,1.0,0.0023860926410269032,2.2800273585136503,1.7605209471365435,0.5374149659863946,0.000999000999000999,0.001002243628150832,,,8,0.002997002997002997,0.00016692103661000886,0.0009601593550833262,0.0018796504927591608,0.0236,0.0007513869277955567,3,FAIL,|t_is|>2; p_is<0.01; ho NW t>2 & p<0.05
news_EURUSD_0.5_5_HM,news EURUSD thr=0.5 h=5 tier=HM,2852,-0.00036153360714749426,-1.5339326917832545,-1.3633674271197211,-0.00012640516118548283,0.8681318681318682,0.0006366542314117161,2.140311503524096,1.7267246404780727,0.5338345864661654,0.01098901098901099,0.0002541295780763857,1.87266175506839,0.3,10,0.003996003996003996,6.223141104981805e-05,0.0002541295780763857,0.0004846864232372302,0.033,0.0001735639443699543,3,FAIL,|t_is|>2; p_is<0.01; ho NW t>2 & p<0.05
news_USDJPY_2.0_3_HM,news USDJPY thr=2.0 h=3 tier=HM,378,0.0005240154803381967,1.0510637572497354,1.0389427566749225,0.0009610085741119077,0.12087912087912088,0.001370079673902333,1.4851716681828617,1.3652042726084836,0.5785714285714286,0.06393606393606394,0.001069646033853828,,,9,0.003996003996003996,0.00039744453724307126,0.001053996612662361,0.0017717342638741288,0.0022,0.0009624915810433407,3,FAIL,|t_is|>2; p_is<0.01; ho NW t>2 & p<0.05
news_USDJPY_2.0_5_HM,news USDJPY thr=2.0 h=5 tier=HM,377,0.00023069298223473496,0.38059981946808374,0.3560192528292473,0.0010089073738527435,0.3146853146853147,0.0021905854966286155,1.8358394995834677,1.799185224773635,0.5539568345323741,0.030969030969030968,0.0011446365086172248,,,9,0.003996003996003996,0.0002938803053005292,0.0011286445333509136,0.002049267361142781,0.0102,0.0010377608855619135,3,FAIL,|t_is|>2; p_is<0.01; ho NW t>2 & p<0.05
news_USDCHF_0.5_5_H,news USDCHF thr=0.5 h=5 tier=H,542,0.0002561288362723123,0.4021367941692366,0.43618312461702935,0.000395462100889324,0.2807192807192807,0.001884209471597416,3.144224217400556,2.6265344532016193,0.5608308605341247,0.001998001998001998,0.0005819220894599567,,,9,0.003996003996003996,-0.0003157670794525615,0.0005546556933532737,0.0015194321899158901,0.15,0.0004351978578007201,3,FAIL,|t_is|>2; p_is<0.01; boot P(<=0)<0.05
news_GBPUSD_1.0_5_H,news GBPUSD thr=1.0 h=5 tier=H,280,-0.0015232168169168026,-1.1825591804890845,-1.0935254817288105,-0.002558837624304397,0.8521478521478522,0.0012229204670540959,1.2090042443973599,1.0346199142437307,0.5342465753424658,0.09490509490509491,0.0008899719053879527,,,8,0.004995004995004995,0.000207702219725097,0.0008779310155742018,0.0017642364318846341,0.0236,0.0005748157577886204,3,FAIL,|t_is|>2; p_is<0.01; ho NW t>2 & p<0.05
news_USDCHF_1.0_2_HM,news USDCHF thr=1.0 h=2 tier=HM,1481,-0.00014535775068543098,-0.739019735320134,-0.6746748384626676,-9.368521219611134e-05,0.5494505494505495,0.0009655206432766739,2.9593621732618796,2.200129030005855,0.5448275862068965,0.002997002997002997,0.00020097160686713923,1.2300966664361732,0.4,10,0.006993006993006993,-4.482849958839237e-05,0.0001937584448167212,0.0004688937537276285,0.0926,0.00015905716795884214,3,FAIL,|t_is|>2; p_is<0.01; boot P(<=0)<0.05
sizez_GBPUSD_1.0_HM,size|z| GBPUSD thr=1.0 tier=HM,1481,-0.0006301047803461359,-1.2542307007293925,-1.1951599216720137,-0.0005888895628784472,0.999000999000999,0.001718587761649391,3.57169566948027,2.6658715523371326,0.5362068965517242,0.000999000999000999,0.0003666083582111006,1.434405321402732,0.4,10,0.006993006993006993,-1.836697242605114e-05,0.0003652480582967986,0.0007880230352953713,0.0578,0.0003602888126627548,3,FAIL,|t_is|>2; p_is<0.01; boot P(<=0)<0.05
news_USDCHF_1.0_2_H,news USDCHF thr=1.0 h=2 tier=H,281,-0.0006343633351417025,-1.218717483915568,-1.2086612692777075,-0.0006989929706850011,0.8371628371628371,0.001368761606644664,2.1172775269978685,1.7145096196148113,0.5918367346938775,0.00999000999000999,0.0005308983080824906,,,8,0.007992007992007992,0.00013069779982221867,0.0005268927825348346,0.0009772063207616577,0.0046,0.0004076553852921055,3,FAIL,|t_is|>2; p_is<0.01; ho NW t>2 & p<0.05
sizez_AUDUSD_1.0_H,size|z| AUDUSD thr=1.0 tier=H,281,-0.0018964546552461539,-1.3165813699956057,-1.1951184384003812,-0.0014884955870343606,1.0,0.0028163169821160245,2.2546738570258213,1.9222175741530372,0.5578231292517006,0.000999000999000999,0.000862775797065142,,,8,0.007992007992007992,5.816129274455931e-05,0.0008398224317481039,0.001748504959447322,0.0236,0.0005211074260023631,3,FAIL,|t_is|>2; p_is<0.01; ho NW t>2 & p<0.05
sizez_AUDUSD_0.5_HM,size|z| AUDUSD thr=0.5 tier=HM,2856,-0.00041872940983297535,-1.3790817876666484,-1.2881433610839208,-0.0004360210937478037,0.998001998001998,0.0008941294994613511,3.1035868590012323,2.4184300228498357,0.5228975853455454,0.000999000999000999,0.0002341257946285594,1.3428695044975518,0.4,10,0.00999000999000999,-3.126933359626285e-05,0.00023128002391254273,0.0005196126109578991,0.0766,0.00022023243357395246,3,FAIL,|t_is|>2; p_is<0.01; boot P(<=0)<0.05
news_USDCHF_0.5_2_H,news USDCHF thr=0.5 h=2 tier=H,544,-0.00038120427289426893,-0.9418484055571174,-0.8632761054307838,-8.44038235681556e-05,0.7442557442557443,0.001030075309710168,2.6428474233630013,2.0948435169340756,0.5870206489675516,0.002997002997002997,0.0003870425607625248,,,9,0.011988011988011988,-0.00011552262766243373,0.00036914842179757915,0.000935856843602695,0.1086,0.00023941819629708962,3,FAIL,|t_is|>2; p_is<0.01; boot P(<=0)<0.05
news_GBPUSD_1.5_5_HM,news GBPUSD thr=1.5 h=5 tier=HM,710,-0.0004593716310737412,-0.6625964124524457,-0.635724599874341,0.000344505228598746,0.7242757242757243,0.001697433394707869,2.3287361261143738,2.091298972121692,0.5392857142857143,0.006993006993006993,0.00044048312909814654,,,9,0.013986013986013986,-0.0007052106303231404,0.00044048312909814665,0.0015861768885194337,0.2696,0.00048162695284539956,3,FAIL,|t_is|>2; p_is<0.01; boot P(<=0)<0.05
news_NZDUSD_1.0_2_H,news NZDUSD thr=1.0 h=2 tier=H,281,-0.0013268561035795574,-1.5141425656534981,-1.485709691915665,-0.0018276650496691696,0.9120879120879121,0.0015411087043443762,1.8148828502634107,1.636802695016224,0.4897959183673469,0.023976023976023976,0.0006519486401318405,,,8,0.01898101898101898,4.970746049060076e-05,0.0006519486401318404,0.0013499591168446728,0.0236,0.00037078622870683197,3,FAIL,|t_is|>2; p_is<0.01; ho NW t>2 & p<0.05
sizez_GBPUSD_0.5_HM,size|z| GBPUSD thr=0.5 tier=HM,2856,-0.0002368741763405359,-0.8338556380622393,-0.8076540312810689,-0.0001844781628115311,0.972027972027972,0.0009157086049357409,3.6875926191095054,2.758006365505054,0.5270607826810991,0.000999000999000999,0.00020560750580895962,1.3223358539261976,0.4,10,0.01898101898101898,-3.849844838965861e-05,0.00020012282825952586,0.0004541460628308031,0.0854,0.00023353012877383455,3,FAIL,|t_is|>2; p_is<0.01; boot P(<=0)<0.05
news_USDCHF_1.0_1_HM,news USDCHF thr=1.0 h=1 tier=HM,1481,1.1621055651310965e-05,0.0822081016516982,0.07857902285626753,7.272796694060667e-05,0.2217782217782218,0.0006283000202717208,2.6162947782289536,2.06273073877796,0.5396551724137931,0.000999000999000999,0.000155020529192301,1.494340725609342,0.5,10,0.01998001998001998,-4.5900954895028227e-07,0.00015181859870258758,0.0003236907146459552,0.0502,0.0001398534578150188,3,FAIL,|t_is|>2; p_is<0.01; boot P(<=0)<0.05
overfade_AUDUSD_HM,over-fade AUDUSD tier=HM,231,0.00034177785203536867,0.6301266493551297,0.6505454236498704,2.7441747793244384e-05,0.1968031968031968,0.0008262912777164117,1.000903980643999,1.10816418417438,0.48936170212765956,0.12087912087912088,0.000753283062019945,,,9,0.02097902097902098,7.267638623499422e-05,0.0007205935355364432,0.001625616139225679,0.0288,0.0004317850361374655,3,FAIL,|t_is|>2; p_is<0.01; ho NW t>2 & p<0.05
news_AUDUSD_1.5_2_H,news AUDUSD thr=1.5 h=2 tier=H,130,-0.0007655439172518264,-0.5928899210755626,-0.5268340918413972,-0.0009248475674699897,0.6763236763236763,0.0014768178562487942,1.243113370289865,1.0702672367471007,0.5138888888888888,0.08591408591408592,0.0012246117814061089,,,6,0.022977022977022976,0.0002586818751078316,0.0011763468582147065,0.002235499180193693,0.013,0.0009813275868813171,3,FAIL,|t_is|>2; p_is<0.01; ho NW t>2 & p<0.05
basket_0.5_5_HM,basket thr=0.5 h=5 tier=HM,2852,-0.00032041018236203804,-1.4161370930540849,-1.33111211401747,-3.517511867279945e-05,1.0,0.0007013581350363682,2.673245988963667,2.081148409198115,0.5238095238095238,0.000999000999000999,0.00018143820446847003,1.110597803618318,0.3,10,0.029970029970029972,-7.329030903356406e-05,0.00018143820446847003,0.00043828264634707126,0.1206,0.00019889676185624335,3,FAIL,|t_is|>2; p_is<0.01; boot P(<=0)<0.05
news_AUDUSD_1.5_1_H,news AUDUSD thr=1.5 h=1 tier=H,130,-0.0002829968637749883,-0.30309442343637316,-0.2903631677196295,-0.0003471206708163229,0.5584415584415584,0.0016138253619262949,1.7757168964937784,1.4333956956555074,0.5833333333333334,0.025974025974025976,0.001176285394186677,,,6,0.030969030969030968,0.00023024101916438805,0.0011332075948229834,0.0020774060921196903,0.0172,0.0010014857107726303,3,FAIL,|t_is|>2; p_is<0.01; ho NW t>2 & p<0.05
basket_1.0_3_H,basket thr=1.0 h=3 tier=H,281,-0.0012438694966764568,-1.8013550704760066,-1.8143726453561495,-0.001542153863551705,1.0,0.0010833038481926972,1.699650714793271,1.377745706538475,0.5782312925170068,0.000999000999000999,0.0004837191476275082,,,8,0.03196803196803197,7.027838311137581e-05,0.00044766076883146324,0.0010276487697335555,0.0236,0.00023548686002506218,3,FAIL,|t_is|>2; p_is<0.01; ho NW t>2 & p<0.05
news_USDJPY_0.5_2_HM,news USDJPY thr=0.5 h=2 tier=HM,2855,1.115073892676144e-05,0.0655167767531151,0.06033294474964212,0.00016711018528276953,0.2937062937062937,0.0009408355259099488,3.4269700784891803,2.7826036682364395,0.5433333333333333,0.000999000999000999,0.000367131315563698,1.443956455483016,0.6,10,0.03296703296703297,-2.6249471616785778e-05,0.000367131315563698,0.0007588253973662041,0.062,0.00036103127927957017,3,FAIL,|t_is|>2; p_is<0.01; boot P(<=0)<0.05
news_AUDUSD_0.5_3_H,news AUDUSD thr=0.5 h=3 tier=H,544,-0.0013261368598665982,-1.7125648840833272,-1.79685923343742,-0.001548322258072783,0.9230769230769231,0.0007461854526554149,1.2629105564139402,1.0358276301214457,0.5368731563421829,0.07092907092907093,0.0004381046550566829,,,9,0.03296703296703297,5.1340375985507795e-06,0.0004355900363983841,0.000873589891173114,0.0268,0.0002833226189980295,3,FAIL,|t_is|>2; p_is<0.01; ho NW t>2 & p<0.05
basket_0.5_3_H,basket thr=0.5 h=3 tier=H,544,-0.0010314167936927314,-2.041490342209618,-2.021338432413054,-0.0006197929443383331,1.0,0.0007773484277430252,1.9717935026846913,1.5157378065094302,0.5634218289085545,0.000999000999000999,0.0003558875162666133,,,9,0.03396603396603397,-1.4530468724134921e-05,0.00035588751626661327,0.0007628729455773698,0.108,0.0002146182047169043,3,FAIL,p_is<0.01; ho NW t>2 & p<0.05; boot P(<=0)<0.05
news_GBPUSD_1.0_3_H,news GBPUSD thr=1.0 h=3 tier=H,281,-0.0014980639973257233,-1.4212942726783628,-1.3374743499903132,-0.0015499437400170871,0.9140859140859141,0.0010168812691834354,1.2722124340270329,1.0788162496511189,0.5714285714285714,0.07892107892107893,0.0005841351163082453,,,8,0.03596403596403597,0.00011898797482619953,0.0005841351163082452,0.0011218526169608789,0.0236,0.000379191420410681,3,FAIL,|t_is|>2; p_is<0.01; ho NW t>2 & p<0.05
news_AUDJPY_1.0_5_H,news AUDJPY thr=1.0 h=5 tier=H,280,0.002706614336150539,2.0342311157374353,1.5468957926540456,0.0022578633899606065,0.017982017982017984,-0.001476095523770983,-1.3401603968641407,-1.4189502386081212,0.4246575342465753,0.9050949050949051,0.0008131904144053927,,,8,0.03796203796203796,-0.0008540519990519836,0.0008057490665887816,0.002564066673895921,0.2232,0.000830170823148229,3,FAIL,p_is<0.01; ho NW t>2 & p<0.05; boot P(<=0)<0.05
volman_EURUSD_HM,vol-managed EURUSD tier=HM,2850,5.4416438917871065e-05,0.4472146515227311,0.4028628735102602,4.750549506725892e-05,0.37362637362637363,0.00033758458240274635,2.3503053427017724,1.814025155768736,0.5062447960033306,0.011988011988011988,0.00015266823165304357,2.094348359812273,0.7,10,0.04095904095904096,3.447434588879334e-05,0.0001524791265175141,0.0002697604921613402,0.015,0.00015765271934560754,3,FAIL,|t_is|>2; p_is<0.01; ho NW t>2 & p<0.05
news_EURUSD_2.0_1_HM,news EURUSD thr=2.0 h=1 tier=HM,378,0.00023523218016038955,0.7009942294412593,0.7296221270683829,0.00022916806632942912,0.15884115884115885,0.0007240135407335356,1.6048357518910619,1.2760272669624593,0.4857142857142857,0.03496503496503497,0.00041539259544919743,,,9,0.04595404595404595,4.337510837527811e-05,0.00041245476390924015,0.0007978620956199574,0.034,0.0004100555166503687,3,FAIL,|t_is|>2; p_is<0.01; ho NW t>2 & p<0.05
news_GBPUSD_1.5_2_H,news GBPUSD thr=1.5 h=2 tier=H,130,-0.0015170053011697967,-1.1068121472824715,-1.0436264224357408,-0.0020073643997837623,0.8341658341658341,0.0007977252789925002,0.7663781651161774,0.6844697495760583,0.5277777777777778,0.1928071928071928,0.0007849132746006387,,,6,0.04895104895104895,0.00024099787708012206,0.0007784333187275281,0.0014003678790471652,0.0164,0.0006254047546610176,3,FAIL,|t_is|>2; p_is<0.01; ho NW t>2 & p<0.05
streak_AUDUSD_HM,streak AUDUSD tier=HM,1589,-0.0005671842985090571,-2.8543011708977097,-2.36578148794446,-0.0005606047377716322,0.984015984015984,0.0010205504591002258,3.5275610275320877,2.6008671154945264,0.5534124629080118,0.000999000999000999,0.00020198025219808792,1.0203607889863318,0.3,10,0.05094905094905095,-5.782798777146207e-05,0.00018294840586424404,0.0005386483262729439,0.1324,0.00010143620618914964,3,FAIL,p_is<0.01; wf>0 & p_wf<0.05; boot P(<=0)<0.05
basket_1.0_1_H,basket thr=1.0 h=1 tier=H,281,-0.0007029811288686716,-2.014083851013332,-1.7042924247614344,-0.0010087413841702766,1.0,0.0009756881683108085,2.1455553813735855,1.7262106380695805,0.5306122448979592,0.000999000999000999,0.0003607570699654054,,,8,0.057942057942057944,8.425644808969737e-05,0.0003607570699654054,0.00065769298595807,0.0236,0.00028305214929209735,3,FAIL,p_is<0.01; ho NW t>2 & p<0.05; wf>0 & p_wf<0.05
volman_USDJPY_H,vol-managed USDJPY tier=H,545,-0.00032620748145997114,-0.7452780563572649,-0.6913056375329165,-0.0003325988711008824,0.913086913086913,0.0010923832541099754,2.956469184352227,2.6712952808478594,0.5676470588235294,0.000999000999000999,0.00041978685792013723,,,9,0.1028971028971029,9.46379745602985e-05,0.00041978685792013723,0.0007809243264100366,0.0268,0.0002896258297508456,3,FAIL,|t_is|>2; p_is<0.01; wf>0 & p_wf<0.05
volman_GBPUSD_H,vol-managed GBPUSD tier=H,545,-0.0006363331713019271,-1.5018688139062435,-1.4134053417871664,-0.0009007907214315594,0.957042957042957,0.0009304461162370302,2.9193247213986844,2.3053006570259584,0.5558823529411765,0.002997002997002997,0.0002506654418444733,,,9,0.10789210789210789,3.8541441165331536e-05,0.0002506654418444733,0.0004976705826489373,0.0268,0.00015878901908858399,3,FAIL,|t_is|>2; p_is<0.01; wf>0 & p_wf<0.05
basket_1.0_2_HM,basket thr=1.0 h=2 tier=HM,1481,-0.00040715466451299423,-2.0781967014419593,-1.9717383985405228,-0.00034449325705245644,1.0,0.0006691601672354207,2.348409746406592,1.747000914347374,0.5103448275862069,0.000999000999000999,0.00014370642571868045,1.2225529094529164,0.4,10,0.1088911088911089,1.3796971858710995e-05,0.00014025271042162685,0.0003726030624948103,0.0072,3.017528552546049e-05,3,FAIL,p_is<0.01; ho NW t>2 & p<0.05; wf>0 & p_wf<0.05
basket_1.5_1_HM,basket thr=1.5 h=1 tier=HM,711,-6.614180136902655e-05,-0.332167318732697,-0.3240643095074453,-5.432364627262476e-05,0.1048951048951049,0.0008368322309417267,2.7010960048683694,2.1111396740106643,0.5480427046263345,0.000999000999000999,0.0001774389644719159,,,9,0.12187812187812187,2.8690230483242424e-05,0.00017320131404525695,0.000348875448045176,0.0058,0.0001100677411059099,3,FAIL,|t_is|>2; p_is<0.01; wf>0 & p_wf<0.05
volman_EURUSD_H,vol-managed EURUSD tier=H,545,-0.00040094872941296854,-1.1676885971816329,-1.0817665662187785,-0.0004543426725146559,0.9050949050949051,0.0007141013749372697,2.5353615913304464,2.1018027585824375,0.5470588235294118,0.003996003996003996,0.00018277903308173247,,,9,0.13386613386613386,2.8727651635997618e-05,0.00018277903308173247,0.0003499814766537468,0.0268,0.0001275143288087897,3,FAIL,|t_is|>2; p_is<0.01; wf>0 & p_wf<0.05
news_GBPUSD_0.5_1_H,news GBPUSD thr=0.5 h=1 tier=H,545,-0.000792444268717026,-1.9268882314219298,-1.7169668865575467,-0.0008968427244545126,0.958041958041958,0.0009401480941372449,2.9143732139579797,2.2678170123068493,0.5558823529411765,0.002997002997002997,0.0001957569279732887,,,9,0.16883116883116883,3.255641967307879e-05,0.0001957569279732887,0.0003786364886942228,0.0268,0.00011732020053077183,3,FAIL,|t_is|>2; p_is<0.01; wf>0 & p_wf<0.05
news_EURUSD_0.5_1_H,news EURUSD thr=0.5 h=1 tier=H,545,-0.0005427233403547062,-1.8155179889199,-1.5777352855857054,-0.0006250140633705247,0.929070929070929,0.0007244474652177809,2.5319542512325754,2.078240736403462,0.5470588235294118,0.006993006993006993,0.00014978687338681486,,,9,0.18581418581418582,2.8909586579443398e-05,0.00014978687338681486,0.0002820120721642707,0.0268,0.0001035866477294352,3,FAIL,|t_is|>2; p_is<0.01; wf>0 & p_wf<0.05
news_USDCAD_0.5_1_H,news USDCAD thr=0.5 h=1 tier=H,545,-0.0005058641763997304,-1.465143034190112,-1.311585458755881,-0.0005820246810483588,0.9010989010989011,0.000652439099162176,2.881040720273162,2.524243328685778,0.5735294117647058,0.000999000999000999,0.0001325806159498447,,,9,0.1938061938061938,1.5531029745203077e-05,0.0001279835970846395,0.000255967194169279,0.0268,8.818562238110352e-05,3,FAIL,|t_is|>2; p_is<0.01; wf>0 & p_wf<0.05
volman_USDCAD_HM,vol-managed USDCAD tier=HM,2850,-9.8609410155985e-05,-0.8497949378841895,-0.8235489439509645,-9.058999411260953e-05,0.903096903096903,0.0003032197988571805,2.420730658048416,2.12524050232151,0.5345545378850958,0.013986013986013986,6.620609752158594e-05,1.6638856224518963,0.4,10,0.24975024975024976,8.190905926948991e-06,6.33462008298432e-05,0.0001341305561174095,0.029,5.104803399911011e-05,3,FAIL,|t_is|>2; p_is<0.01; wf>0 & p_wf<0.05
news_USDJPY_1.5_3_H,news USDJPY thr=1.5 h=3 tier=H,130,-0.00101396468644248,-0.7765221912026579,-0.7420130941613368,-0.0008919407958307703,0.7282717282717283,0.0023095731660965207,1.960406040457228,2.3046956852371423,0.5555555555555556,0.025974025974025976,0.0003982690242271009,,,6,0.26973026973026976,8.227744071653946e-05,0.0003982690242271009,0.000755399328095932,0.0164,0.00027263119582228093,3,FAIL,|t_is|>2; p_is<0.01; wf>0 & p_wf<0.05
news_EURUSD_1.5_5_HM,news EURUSD thr=1.5 h=5 tier=HM,710,0.00011209040284430787,0.2267787806480902,0.1929194384745685,0.001066810703124705,0.33466533466533466,0.0008129059202514164,1.1838549862345324,1.046967070070121,0.5321428571428571,0.09290709290709291,0.0008107956915696218,,,9,0.000999000999000999,-9.189012543087257e-05,0.0008387647428665881,0.00160188094196237,0.0626,0.0010784118122570418,2,FAIL,|t_is|>2; p_is<0.01; ho NW t>2 & p<0.05; boot P(<=0)<0.05
news_USDCHF_1.5_5_HM,news USDCHF thr=1.5 h=5 tier=HM,710,0.00039370066489087085,0.827930149811831,0.6980730883681363,0.001050007041403495,0.13186813186813187,0.001130545139410621,1.6967955835330797,1.5139898170454569,0.5285714285714286,0.03896103896103896,0.0007828910589125002,,,9,0.000999000999000999,-2.6204854865187704e-05,0.0008065748023209717,0.0014952910644156214,0.054,0.001025238764283225,2,FAIL,|t_is|>2; p_is<0.01; ho NW t>2 & p<0.05; boot P(<=0)<0.05
news_NZDUSD_0.5_5_H,news NZDUSD thr=0.5 h=5 tier=H,542,-0.00018501732116427673,-0.189322029818043,-0.19438312555279724,-0.0005120431103340579,0.5184815184815185,0.0018308907676207419,2.3573764619605373,1.8227262763891887,0.516320474777448,0.004995004995004995,0.0008025192979142876,,,9,0.000999000999000999,-0.00011362456923912363,0.0008025192979142876,0.0017369270476285438,0.0842,0.0008374670975781848,2,FAIL,|t_is|>2; p_is<0.01; ho NW t>2 & p<0.05; boot P(<=0)<0.05
news_USDCAD_0.5_5_H,news USDCAD thr=0.5 h=5 tier=H,542,0.0006414698005845999,0.9052908431116058,0.7893556423859246,0.0002253370851557648,0.18081918081918083,0.0006485895453911633,1.5127823635459212,1.3833118265392919,0.5727002967359051,0.04095904095904096,0.0005589699178410586,,,9,0.002997002997002997,-0.00018118764491328578,0.000548431583930678,0.0013744171709671672,0.1142,0.00043127238925768507,2,FAIL,|t_is|>2; p_is<0.01; ho NW t>2 & p<0.05; boot P(<=0)<0.05
basket_1.5_5_HM,basket thr=1.5 h=5 tier=HM,710,-0.00025240570472556293,-0.5303661500745793,-0.4802385868736619,0.0006091814680585705,1.0,0.0010860012084854434,1.8275151929345403,1.5938464344078251,0.5178571428571429,0.000999000999000999,0.0005293654900300044,,,9,0.002997002997002997,-0.0003708228232045948,0.0005400169267995641,0.0013360683059033026,0.1606,0.0006898944075084755,2,FAIL,|t_is|>2; p_is<0.01; ho NW t>2 & p<0.05; boot P(<=0)<0.05
sizez_EURUSD_1.0_HM,size|z| EURUSD thr=1.0 tier=HM,1481,5.483786481618971e-05,0.13597053495869962,0.13400956665882502,0.00013220244325755899,0.4095904095904096,0.0010047354448858932,2.40652702983713,1.8843730980749385,0.5051724137931034,0.000999000999000999,0.0003648096934028742,1.1624407861173582,0.5,10,0.002997002997002997,-8.743854473631424e-05,0.0003450357945476001,0.0008817614354240273,0.1006,0.00022242078788720633,2,FAIL,|t_is|>2; p_is<0.01; ho NW t>2 & p<0.05; boot P(<=0)<0.05
news_GBPUSD_1.0_5_HM,news GBPUSD thr=1.0 h=5 tier=HM,1479,-0.0007958601310882556,-1.715516043866747,-1.5060737276922849,-0.00041410395890656686,0.945054945054945,0.000981833217785115,2.0479037243533025,1.52907319673844,0.527681660899654,0.012987012987012988,0.0003564844004459336,1.2203796217493128,0.3,10,0.004995004995004995,-6.552476681458585e-05,0.0003452597014847859,0.0008393151690004958,0.0974,0.0002471893046723912,2,FAIL,|t_is|>2; p_is<0.01; ho NW t>2 & p<0.05; boot P(<=0)<0.05
news_GBPUSD_2.0_5_HM,news GBPUSD thr=2.0 h=5 tier=HM,377,-0.0002264227095700496,-0.2676365973116025,-0.2507930746447424,0.0006167405795994953,0.5794205794205795,0.0015794858694473033,1.438161182620174,1.6727280873796413,0.5035971223021583,0.07192807192807193,0.0008653719383809122,,,9,0.004995004995004995,-0.0003939376649584638,0.0008653719383809123,0.0021596055119670323,0.1294,0.001008560989878651,2,FAIL,|t_is|>2; p_is<0.01; ho NW t>2 & p<0.05; boot P(<=0)<0.05
news_NZDUSD_0.5_5_HM,news NZDUSD thr=0.5 h=5 tier=HM,2852,-0.0004084217247660992,-1.169642583394992,-1.1594466177914537,-0.00020377101664080798,0.7582417582417582,0.0005752681203891356,1.4602664789383113,1.1306933824385743,0.49206349206349204,0.026973026973026972,0.00022885268846545395,1.0163622619233759,0.2,10,0.005994005994005994,-8.99243660720476e-05,0.00022885268846545393,0.0006078815760029955,0.1566,0.00015493167238079882,2,FAIL,|t_is|>2; p_is<0.01; ho NW t>2 & p<0.05; boot P(<=0)<0.05
basket_1.0_5_HM,basket thr=1.0 h=5 tier=HM,1479,-0.00040956375435492005,-1.2756752141785246,-1.1033259726279163,1.4021404776227693e-05,1.0,0.0007103999512829709,1.8183123052485606,1.3515885240257512,0.5121107266435986,0.000999000999000999,0.00029611186241333166,1.1749056933118096,0.3,10,0.005994005994005994,-6.836970525520769e-05,0.0002907603183844155,0.0007137075220867315,0.11,0.00023114569481090972,2,FAIL,|t_is|>2; p_is<0.01; ho NW t>2 & p<0.05; boot P(<=0)<0.05
news_USDCHF_1.0_5_H,news USDCHF thr=1.0 h=5 tier=H,280,-6.587012713444788e-06,-0.008062077301960978,-0.008341685981809168,-0.0005008574450967725,0.4785214785214785,0.0014489483830227856,1.6189855636203512,1.5649297116307246,0.547945205479452,0.04895104895104895,0.0006323829384037314,,,8,0.006993006993006993,-0.0005290505830821027,0.0006403492255665826,0.0017938164598895654,0.1946,0.0007725178749932168,2,FAIL,|t_is|>2; p_is<0.01; ho NW t>2 & p<0.05; boot P(<=0)<0.05
news_NZDUSD_1.5_5_HM,news NZDUSD thr=1.5 h=5 tier=HM,710,0.00023334208541257566,0.3122883497328135,0.2849347311816344,0.0012095722236772207,0.33166833166833165,0.000760994574696927,0.8704306214055127,0.6826258741021324,0.5142857142857142,0.16683316683316685,0.0005300697815321744,,,9,0.006993006993006993,-0.000550428473239558,0.0005300697815321744,0.0015914447795135663,0.2232,0.0006720013240574011,2,FAIL,|t_is|>2; p_is<0.01; ho NW t>2 & p<0.05; boot P(<=0)<0.05
news_AUDUSD_0.5_5_H,news AUDUSD thr=0.5 h=5 tier=H,542,-8.758609464937161e-07,-0.0008534247970793948,-0.0007470482344904985,-0.0005317870749449148,0.4695304695304695,0.001584455724895806,2.135241483625888,1.7233367484741844,0.5459940652818991,0.012987012987012988,0.000635006491952544,,,9,0.007992007992007992,-0.0003106444374844478,0.0006350064919525439,0.0015932687863804687,0.1358,0.0007175607641076574,2,FAIL,|t_is|>2; p_is<0.01; ho NW t>2 & p<0.05; boot P(<=0)<0.05
news_AUDUSD_1.0_5_H,news AUDUSD thr=1.0 h=5 tier=H,280,0.001112681141459449,0.8139849029867354,0.6907221801646334,0.0006704973084514992,0.1878121878121878,0.0013257824347276796,1.1116984250865554,0.9556654388313893,0.5273972602739726,0.10989010989010989,0.0008488395202563067,,,8,0.008991008991008992,-0.0002820444433357531,0.0008514270711547005,0.0019200961648228117,0.1058,0.0010236062405885524,2,FAIL,|t_is|>2; p_is<0.01; ho NW t>2 & p<0.05; boot P(<=0)<0.05
news_EURUSD_1.0_5_HM,news EURUSD thr=1.0 h=5 tier=HM,1479,-0.00043080183671174055,-1.3091674127926995,-1.1767231026584277,-8.763243146877074e-05,0.8721278721278721,0.0007286282919445581,1.6149229817916522,1.255263826574732,0.5346020761245674,0.03396603396603397,0.0002746568617870254,1.4257166207355763,0.3,10,0.00999000999000999,0.0,0.0002641099266980214,0.0005901068554334517,0.0542,0.0002196423306975718,2,FAIL,|t_is|>2; p_is<0.01; ho NW t>2 & p<0.05; boot P(<=0)<0.05
news_NZDUSD_0.5_3_HM,news NZDUSD thr=0.5 h=3 tier=HM,2855,-0.0004104279238828439,-1.5483471066021,-1.5676922599786118,-0.0003656931092500136,0.8311688311688312,0.0003803828988419072,1.2174283663336367,1.0028240002314903,0.5091666666666667,0.03696303696303696,0.00019847943988247617,1.2141940864887322,0.2,10,0.011988011988011988,0.0,0.00019847943988247617,0.0004908802820940882,0.1106,4.3565848980558476e-05,2,FAIL,|t_is|>2; p_is<0.01; ho NW t>2 & p<0.05; boot P(<=0)<0.05
basket_2.0_5_HM,basket thr=2.0 h=5 tier=HM,377,-6.117429788865174e-05,-0.10639360255150712,-0.09417653670809616,0.000895418703601453,0.3146853146853147,0.0011992344820623028,1.3810676008601794,1.4877224026740865,0.5323741007194245,0.000999000999000999,0.0006048549531146365,,,9,0.011988011988011988,-0.00023165700147040338,0.0006121075388389203,0.0014381383059816181,0.1132,0.0007260747582791148,2,FAIL,|t_is|>2; p_is<0.01; ho NW t>2 & p<0.05; boot P(<=0)<0.05
sizez_EURUSD_0.5_HM,size|z| EURUSD thr=0.5 tier=HM,2856,4.460467820551778e-05,0.19648249910353088,0.1838025255488461,0.0001121468931158338,0.43956043956043955,0.0005430427450112952,2.516725974276929,1.9374775080666689,0.5029142381348876,0.000999000999000999,0.0001873258285730424,1.2076663353759742,0.5,10,0.013986013986013986,-4.052184525858093e-05,0.00017899924523068547,0.00044427417108780477,0.0908,0.0001256698643847983,2,FAIL,|t_is|>2; p_is<0.01; ho NW t>2 & p<0.05; boot P(<=0)<0.05
news_NZDUSD_0.5_3_H,news NZDUSD thr=0.5 h=3 tier=H,544,-0.001466708576705964,-1.8990011321309281,-2.0261564288392115,-0.0011163867409949902,0.9530469530469531,0.0010362412301773722,1.7529181173794683,1.3718365254620772,0.551622418879056,0.02097902097902098,0.0004295047162456644,,,9,0.023976023976023976,0.0,0.0004295047162456644,0.0010540295850942419,0.1066,0.00010049338441832202,2,FAIL,|t_is|>2; p_is<0.01; ho NW t>2 & p<0.05; boot P(<=0)<0.05
news_NZDUSD_1.5_1_HM,news NZDUSD thr=1.5 h=1 tier=HM,711,-6.624636432734808e-05,-0.20968867062325344,-0.20928589707113388,-2.4429056534852882e-05,0.38961038961038963,0.001060605242940675,2.396389817662074,1.9535523982175358,0.5516014234875445,0.003996003996003996,0.00037220135991942137,,,9,0.028971028971028972,-5.8907616405123596e-05,0.0003513521689218347,0.0008975005003537349,0.092,0.00019620433256730424,2,FAIL,|t_is|>2; p_is<0.01; ho NW t>2 & p<0.05; boot P(<=0)<0.05
news_NZDUSD_1.5_1_H,news NZDUSD thr=1.5 h=1 tier=H,130,0.00010224740583912283,0.09992869845384757,0.08941465162879604,0.00021899482080451325,0.3806193806193806,0.0018479712591606173,2.0427048216795027,1.6078332431024973,0.5833333333333334,0.015984015984015984,0.0009749647785796831,,,6,0.028971028971028972,-9.771400945756343e-05,0.0008813189065373043,0.0021668806962106455,0.0904,0.0005325626982697385,2,FAIL,|t_is|>2; p_is<0.01; ho NW t>2 & p<0.05; boot P(<=0)<0.05
news_USDCHF_0.5_3_H,news USDCHF thr=0.5 h=3 tier=H,544,-0.0008832841222263455,-1.802917544896362,-1.6635015564478763,-0.0002656224572589953,0.9460539460539461,0.000975940904525203,2.1311381603252526,1.6918756164608446,0.5486725663716814,0.008991008991008992,0.00025081304155592294,,,9,0.03496503496503497,-0.000258865533856468,0.00022756129159100044,0.0008566145657984803,0.2418,9.294770091096622e-05,2,FAIL,|t_is|>2; p_is<0.01; ho NW t>2 & p<0.05; boot P(<=0)<0.05
news_USDCHF_1.5_5_H,news USDCHF thr=1.5 h=5 tier=H,130,0.0011121463243480006,0.7996866420244447,0.6000617560343137,0.001213358943637274,0.2047952047952048,0.0006870323506060117,0.5514128164973366,0.6576470028430952,0.5277777777777778,0.24275724275724275,0.0006780298366315739,,,6,0.03896103896103896,-0.00018673330223353954,0.0006698549743648488,0.0017102530391059454,0.1004,0.0006661390244460289,2,FAIL,|t_is|>2; p_is<0.01; ho NW t>2 & p<0.05; boot P(<=0)<0.05
basket_0.5_2_H,basket thr=0.5 h=2 tier=H,544,-0.0007450531831538045,-1.7906657454622041,-1.6019692768592422,-0.0007132143533701816,1.0,0.0007506069175691044,2.190700972512065,1.6814869169364668,0.5545722713864307,0.000999000999000999,0.0002863097003928236,,,9,0.04295704295704296,-4.994426484130073e-05,0.0002847190568373058,0.0006635519966577317,0.1034,0.00026737497691449734,2,FAIL,|t_is|>2; p_is<0.01; ho NW t>2 & p<0.05; boot P(<=0)<0.05
news_AUDUSD_0.5_5_HM,news AUDUSD thr=0.5 h=5 tier=HM,2852,-0.0005518554592790734,-1.563179431889788,-1.5321939928031192,-0.00015613865099749387,0.8751248751248751,0.0004414192914301375,1.1713323665860422,0.9334172129220506,0.5079365079365079,0.06393606393606394,0.00016988283474777622,0.757562173357619,0.2,10,0.04495504495504495,-0.00019501432963791196,0.00016988283474777622,0.0005389385035727823,0.2098,0.00012968115184741613,2,FAIL,|t_is|>2; p_is<0.01; ho NW t>2 & p<0.05; boot P(<=0)<0.05
news_AUDUSD_1.5_2_HM,news AUDUSD thr=1.5 h=2 tier=HM,711,-0.0004666016538075642,-0.9645454290452808,-1.0742448666382312,-0.00021687112494305643,0.7452547452547452,0.0010301609553831836,1.8071254632005767,1.5152992246828272,0.5124555160142349,0.01098901098901099,0.00036623812973052413,,,9,0.04495504495504495,-8.483907080562477e-06,0.00036623812973052413,0.0008462243083980083,0.1066,0.00017322293247087157,2,FAIL,|t_is|>2; p_is<0.01; ho NW t>2 & p<0.05; boot P(<=0)<0.05
news_NZDUSD_1.0_3_HM,news NZDUSD thr=1.0 h=3 tier=HM,1481,-0.0007717494402664072,-2.0534128536605367,-1.9671873519113878,-0.0006702914909861546,0.9470529470529471,0.0004293589438815036,0.9174451703944568,0.7278036219548212,0.5,0.0969030969030969,0.0002003160518698794,0.8520093676627284,0.1,10,0.04495504495504495,-5.929325816455606e-05,0.0002003160518698794,0.0006602414137741942,0.3498,0.0,2,FAIL,p_is<0.01; ho NW t>2 & p<0.05; boot P(<=0)<0.05; trimmed wf>0
news_AUDUSD_1.0_3_H,news AUDUSD thr=1.0 h=3 tier=H,281,-0.00122587583960108,-1.1906083674534418,-1.2075477412861062,-0.0014934607479662047,0.8461538461538461,0.0011625180205840715,1.1986276907611966,1.0211506173840836,0.5714285714285714,0.0939060939060939,0.0005202726289380755,,,8,0.04695304695304695,-0.00010520898813925228,0.0005202726289380755,0.0012509632341546554,0.1188,0.0003924112193834747,2,FAIL,|t_is|>2; p_is<0.01; ho NW t>2 & p<0.05; boot P(<=0)<0.05
news_NZDUSD_1.5_2_HM,news NZDUSD thr=1.5 h=2 tier=HM,711,-0.0002889358731118252,-0.6073571259852564,-0.6186446944518722,-6.232625811598274e-05,0.5984015984015985,0.000979627432981417,1.6678899608093567,1.3348479447426764,0.4875444839857651,0.022977022977022976,0.00027580096873208677,,,9,0.04995004995004995,-0.00029591060241930544,0.00027580096873208677,0.0008710613298726292,0.2224,0.0002397458476687425,2,FAIL,|t_is|>2; p_is<0.01; ho NW t>2 & p<0.05; boot P(<=0)<0.05
news_NZDUSD_0.5_1_HM,news NZDUSD thr=0.5 h=1 tier=HM,2856,-0.00020866031882551807,-1.3461405832956495,-1.2770553817999157,-0.00016513075695413217,0.6583416583416584,0.0005936601811149895,2.936267035820236,2.3185112677572723,0.5303913405495421,0.001998001998001998,9.366701187798817e-05,0.9784301986659496,0.4,10,0.053946053946053944,-4.7586296842405814e-05,8.882695100766458e-05,0.0002538916906756632,0.1522,6.59332187879869e-05,2,FAIL,|t_is|>2; p_is<0.01; wf>0 & p_wf<0.05; boot P(<=0)<0.05
news_NZDUSD_1.0_1_HM,news NZDUSD thr=1.0 h=1 tier=HM,1481,-0.0002993951188982374,-1.421180724293504,-1.4032520532295385,-0.000328898668779919,0.7392607392607392,0.000918945319653379,3.0057687101459325,2.434663102407102,0.5413793103448276,0.000999000999000999,0.0001653490933506226,0.8602390265853895,0.3,10,0.053946053946053944,-0.00011868897082806335,0.0001559769542955453,0.0004951460206315276,0.191,9.461533167356019e-05,2,FAIL,|t_is|>2; p_is<0.01; wf>0 & p_wf<0.05; boot P(<=0)<0.05
news_GBPUSD_1.0_2_HM,news GBPUSD thr=1.0 h=2 tier=HM,1481,-0.0004880365015621384,-1.6812537738455149,-1.6264333095370895,-0.0005003819528712058,0.922077922077922,0.0008815636689436076,2.607260779717205,1.9885650546031466,0.5258620689655172,0.001998001998001998,0.00022881756325092976,1.8178805553539321,0.4,10,0.054945054945054944,5.9449694342549487e-05,0.00021501632763292253,0.00044089851419917375,0.0072,0.0001313726913338647,2,FAIL,|t_is|>2; p_is<0.01; ho NW t>2 & p<0.05; wf>0 & p_wf<0.05
news_USDCHF_1.0_1_H,news USDCHF thr=1.0 h=1 tier=H,281,-0.0003709276286646488,-1.0004517693996027,-0.9418313451891175,-0.0002813562235940215,0.7602397602397603,0.0014307035790604753,2.9854583853550847,2.6173394435944353,0.5782312925170068,0.002997002997002997,0.0003419628699727219,,,8,0.054945054945054944,-0.0003574202530965465,0.0003419628699727219,0.00100485420667653,0.1982,0.0004556890439485611,2,FAIL,|t_is|>2; p_is<0.01; wf>0 & p_wf<0.05; boot P(<=0)<0.05
news_AUDUSD_1.5_1_HM,news AUDUSD thr=1.5 h=1 tier=HM,711,-9.587085510749594e-05,-0.3020687289536982,-0.29758361492484386,-3.245856969295475e-05,0.4165834165834166,0.0011283025874607232,2.6385342997269188,2.1698342145200082,0.5729537366548043,0.002997002997002997,0.0003343416523229461,,,9,0.058941058941058944,-1.2820929255129336e-05,0.00033332804555467,0.0007257586462159115,0.0646,0.00022978626149413976,2,FAIL,|t_is|>2; p_is<0.01; wf>0 & p_wf<0.05; boot P(<=0)<0.05
news_GBPUSD_1.0_1_H,news GBPUSD thr=1.0 h=1 tier=H,281,-0.0009723305146826331,-1.84621309434934,-1.592205322171371,-0.0015829578066481138,0.954045954045954,0.0009649543419439785,1.8521609275339306,1.421877874103325,0.5238095238095238,0.027972027972027972,0.00046614590131074636,,,8,0.059940059940059943,8.449341735228975e-05,0.0004587114507129244,0.0009156017265189077,0.0236,0.00031572023460571226,2,FAIL,|t_is|>2; p_is<0.01; ho NW t>2 & p<0.05; wf>0 & p_wf<0.05
basket_1.0_2_H,basket thr=1.0 h=2 tier=H,281,-0.0008641579745318113,-1.5438069356772504,-1.4589217730430815,-0.0013938852088905829,1.0,0.0010290058751509443,1.7299451731917286,1.4689162982868413,0.5306122448979592,0.000999000999000999,0.0003914951664988054,,,8,0.059940059940059943,5.4864908703814095e-05,0.00038143692820114634,0.0007492775522949945,0.0232,0.00031907072860490386,2,FAIL,|t_is|>2; p_is<0.01; ho NW t>2 & p<0.05; wf>0 & p_wf<0.05
title_Inflation_Rate_YoY,title Inflation Rate YoY,525,-0.000243450931786063,-0.7066406543842467,-0.5572132558864267,0.00014615847898610492,0.6583416583416584,0.00203774095770049,5.283189116263873,4.744220617475565,0.6274509803921569,0.000999000999000999,0.00025836539633709475,,,9,0.059940059940059943,-0.0006162963401232307,0.00026148359476905645,0.0011182869226362738,0.2972,0.00033402547707082035,2,FAIL,|t_is|>2; p_is<0.01; wf>0 & p_wf<0.05; boot P(<=0)<0.05
news_GBPUSD_0.5_2_HM,news GBPUSD thr=0.5 h=2 tier=HM,2855,-5.8356376102307096e-05,-0.27658019849448623,-0.27021057969212176,-9.388474671925797e-05,0.43656343656343655,0.0005920695350089159,2.672034960990576,2.0575078205393167,0.5275,0.004995004995004995,0.00015690141344430674,1.3944406548027024,0.6,10,0.06493506493506493,-1.8868047014593342e-05,0.00015418498511384393,0.0003326392303111831,0.0756,0.00014807673708308367,2,FAIL,|t_is|>2; p_is<0.01; wf>0 & p_wf<0.05; boot P(<=0)<0.05
news_GBPUSD_1.5_1_H,news GBPUSD thr=1.5 h=1 tier=H,130,-0.0007730625749906307,-1.1074002379021088,-0.8907195850527554,-0.0017513356078251129,0.8211788211788211,0.0011147641594855132,1.4916345291623505,1.2167572871482322,0.5416666666666666,0.04995004995004995,0.0007398481673080133,,,6,0.06693306693306693,0.00036849302626112767,0.0007398481673080133,0.001111203308354899,0.0018,0.0007523987604520917,2,FAIL,|t_is|>2; p_is<0.01; ho NW t>2 & p<0.05; wf>0 & p_wf<0.05
news_USDCAD_1.0_1_HM,news USDCAD thr=1.0 h=1 tier=HM,1481,-5.965917192897244e-05,-0.38608487236604255,-0.38804228198155766,7.81470130782063e-06,0.4305694305694306,0.00046125355467418816,2.7515226068977543,2.2740278599321586,0.5603448275862069,0.001998001998001998,0.00018326660617318802,1.353639259365461,0.4,10,0.06893106893106893,-6.971144614263583e-07,0.0001714320102505793,0.00041113637585745447,0.0508,9.633494743826501e-05,2,FAIL,|t_is|>2; p_is<0.01; wf>0 & p_wf<0.05; boot P(<=0)<0.05
news_EURUSD_1.0_1_H,news EURUSD thr=1.0 h=1 tier=H,281,-0.0005396491809444165,-1.4311143375258704,-1.304442851428021,-0.0009003181360364998,0.8871128871128872,0.0007359687099910319,1.6727330666612366,1.4014347488456753,0.5510204081632653,0.03296703296703297,0.0003955706219796086,,,8,0.07792207792207792,7.727756129800201e-05,0.00038670384408285115,0.0007395175238962689,0.0236,0.00027490512354526986,2,FAIL,|t_is|>2; p_is<0.01; ho NW t>2 & p<0.05; wf>0 & p_wf<0.05
news_GBPUSD_0.5_1_HM,news GBPUSD thr=0.5 h=1 tier=HM,2856,1.6785837350291064e-05,0.11513889666485988,0.10664253206308935,7.31482971869151e-05,0.2627372627372627,0.00048088355378283375,2.90115612741388,2.2695207242313193,0.5278934221482098,0.001998001998001998,0.0001457801151282596,1.3752075855576644,0.5,10,0.07792207792207792,-1.700916224636982e-05,0.00014347962574424156,0.00031519473950726936,0.0736,0.00013942669912120147,2,FAIL,|t_is|>2; p_is<0.01; wf>0 & p_wf<0.05; boot P(<=0)<0.05
news_AUDUSD_1.0_1_HM,news AUDUSD thr=1.0 h=1 tier=HM,1481,-0.0003527495380105211,-1.71716735673324,-1.691048223224359,-0.0003497120622034843,0.8391608391608392,0.0007921135792329974,2.5843487792844146,2.1192388485330707,0.5482758620689655,0.001998001998001998,0.0001684605012964308,1.1356156365898291,0.4,10,0.08291708291708291,-4.9999992794556804e-05,0.00016641192419161922,0.00041211573832420116,0.1102,0.00016435997005538966,2,FAIL,|t_is|>2; p_is<0.01; wf>0 & p_wf<0.05; boot P(<=0)<0.05
basket_1.5_2_HM,basket thr=1.5 h=2 tier=HM,711,-0.0002379113108118548,-0.7998824697037059,-0.8478634664948953,-0.0001236634852999471,1.0,0.0008958162014578347,2.1488123643909876,1.6847806046768703,0.5160142348754448,0.000999000999000999,0.0002272440276158393,,,9,0.08291708291708291,2.9418949933359636e-05,0.00022400686698016586,0.00046516649652924284,0.0296,0.00015919325409884395,2,FAIL,|t_is|>2; p_is<0.01; ho NW t>2 & p<0.05; wf>0 & p_wf<0.05
sizez_USDJPY_0.5_HM,size|z| USDJPY thr=0.5 tier=HM,2856,7.978690634333578e-05,0.32542117296036377,0.3312265977191769,0.00016156222841450725,0.7892107892107892,0.0008234388670714595,2.884376728523179,2.253091283258775,0.5395503746877602,0.000999000999000999,0.0003088169172827121,1.4231556671923569,0.7,10,0.08291708291708291,-2.8704434976695882e-05,0.0003088203390570289,0.0006496178289188096,0.0648,0.0003338417989723515,2,FAIL,|t_is|>2; p_is<0.01; wf>0 & p_wf<0.05; boot P(<=0)<0.05
basket_1.5_3_H,basket thr=1.5 h=3 tier=H,130,-0.0015403295015689003,-1.3882507995263806,-1.1535392190131395,-0.00024704677882312536,1.0,0.0008302669195643897,0.9031659189102968,0.914788196419199,0.5277777777777778,0.000999000999000999,0.0005626765189173541,,,6,0.08791208791208792,9.028732058419165e-05,0.0005346988340587504,0.0010630434021091204,0.0164,0.00035763673761356684,2,FAIL,|t_is|>2; p_is<0.01; ho NW t>2 & p<0.05; wf>0 & p_wf<0.05
news_USDJPY_1.5_3_HM,news USDJPY thr=1.5 h=3 tier=HM,711,8.661049193192816e-05,0.21434377761038625,0.2219583757102561,0.0001302417870184448,0.34265734265734266,0.0017265734437544923,2.644363247514513,2.1119761330328997,0.5409252669039146,0.005994005994005994,0.0004605099702609301,,,9,0.0899100899100899,-1.1706192072999498e-06,0.00045129605058161345,0.0009308080450965599,0.0508,0.0004550111466010263,2,FAIL,|t_is|>2; p_is<0.01; wf>0 & p_wf<0.05; boot P(<=0)<0.05
basket_2.0_1_HM,basket thr=2.0 h=1 tier=HM,378,-7.866477519308485e-06,-0.027413610348163298,-0.028147351041343815,-0.0001032147660181325,0.001998001998001998,0.000765906122464759,1.7793572525273051,1.423073525109943,0.5428571428571428,0.000999000999000999,0.00027031871137317854,,,9,0.1048951048951049,-0.00012338762963536582,0.00027031871137317854,0.0006774208762467852,0.1324,0.00024197882809227014,2,FAIL,|t_is|>2; ho NW t>2 & p<0.05; wf>0 & p_wf<0.05; boot P(<=0)<0.05
basket_1.5_1_H,basket thr=1.5 h=1 tier=H,130,-0.0003291247948464678,-0.5932960116833744,-0.44864911867132035,-0.00047462315691484074,1.0,0.001061690121804379,1.6995322884177295,1.4727468340752474,0.5277777777777778,0.000999000999000999,0.0004903989874157744,,,6,0.1088911088911089,1.5091495716621135e-05,0.000482853239557464,0.0009732522269732385,0.0356,0.0003940888427760261,2,FAIL,|t_is|>2; p_is<0.01; ho NW t>2 & p<0.05; wf>0 & p_wf<0.05
news_AUDUSD_1.0_1_H,news AUDUSD thr=1.0 h=1 tier=H,281,-0.000892721292551896,-1.5790838211762892,-1.6011565801332819,-0.0011294018841220912,0.9230769230769231,0.0011358365894304822,1.5224778578912213,1.4134934096035356,0.5578231292517006,0.04095904095904096,0.0003431820529730869,,,8,0.1108891108891109,5.25892163565969e-05,0.00034318205297308684,0.0006785440057698592,0.0236,0.0002233564686064555,2,FAIL,|t_is|>2; p_is<0.01; ho NW t>2 & p<0.05; wf>0 & p_wf<0.05
sizez_AUDUSD_0.5_H,size|z| AUDUSD thr=0.5 tier=H,545,-0.0015564340052542838,-1.6221283365514487,-1.4551887864823334,-0.000826689750009734,1.0,0.001459657822868256,2.5077973567552814,2.189305040965893,0.538235294117647,0.000999000999000999,0.00023036733157081097,,,9,0.11688311688311688,-1.727490415650364e-05,0.00023036733157081097,0.0005268826444259039,0.1048,0.00011667487785623522,2,FAIL,|t_is|>2; p_is<0.01; wf>0 & p_wf<0.05; boot P(<=0)<0.05
news_AUDUSD_1.0_2_H,news AUDUSD thr=1.0 h=2 tier=H,281,-0.0010885795341947838,-1.2552775522969115,-1.2247700687070002,-0.0016266372306650693,0.8671328671328671,0.0012536625065576853,1.4204663389147743,1.2906053125995913,0.5306122448979592,0.07492507492507493,0.00033162451068726345,,,8,0.12387612387612387,1.769589572902406e-05,0.000319874314833264,0.0006883773538140427,0.0236,0.0001978223934536459,2,FAIL,|t_is|>2; p_is<0.01; ho NW t>2 & p<0.05; wf>0 & p_wf<0.05
basket_0.5_2_HM,basket thr=0.5 h=2 tier=HM,2855,-0.00020540180358063646,-1.451945357767089,-1.4353636924172195,-0.00016086630275053692,1.0,0.0005206501115034539,2.8300650957342044,2.1725822474234713,0.53,0.000999000999000999,8.99172827627956e-05,0.9849163080530384,0.3,10,0.13386613386613386,-5.2865481054921696e-05,8.876655391324521e-05,0.00023393321357727617,0.1556,8.954079268368746e-05,2,FAIL,|t_is|>2; p_is<0.01; wf>0 & p_wf<0.05; boot P(<=0)<0.05
news_USDCHF_1.5_3_H,news USDCHF thr=1.5 h=3 tier=H,130,-0.0015027020785146174,-1.4078165279450316,-1.1397194712244818,1.622261637311228e-05,0.8931068931068931,0.0007575583191371405,0.7513196229559929,0.6714027681486074,0.5,0.2057942057942058,0.00034376647993915587,,,6,0.13586413586413587,4.512872381585671e-05,0.00032873162973073514,0.0007605512701129219,0.0164,0.00015793844676020125,2,FAIL,|t_is|>2; p_is<0.01; ho NW t>2 & p<0.05; wf>0 & p_wf<0.05
news_NZDUSD_1.0_2_HM,news NZDUSD thr=1.0 h=2 tier=HM,1481,-0.0008189203486607484,-2.633848450501366,-2.457265869636021,-0.0006621749998573258,0.99000999000999,0.0008582078181431397,2.114225876674414,1.6847412242968711,0.496551724137931,0.005994005994005994,7.870176871903055e-05,0.26230424503445515,0.2,10,0.13586413586413587,-0.00038585230025483446,7.60788147834599e-05,0.0005610464569048886,0.4034,4.754925923966244e-05,2,FAIL,p_is<0.01; ho NW t>2 & p<0.05; wf>0 & p_wf<0.05; boot P(<=0)<0.05
basket_1.5_2_H,basket thr=1.5 h=2 tier=H,130,-0.0007833156359148328,-0.9014272102893491,-0.7492391009176206,-0.0006161395122593001,1.0,0.0007691771900490359,0.9012966697174073,0.8384907175781292,0.5138888888888888,0.000999000999000999,0.0003686047379536284,,,6,0.13886113886113885,6.352253692487352e-05,0.00034064661060660364,0.0007016450663294081,0.0164,0.0002325048017951578,2,FAIL,|t_is|>2; p_is<0.01; ho NW t>2 & p<0.05; wf>0 & p_wf<0.05
basket_1.0_1_HM,basket thr=1.0 h=1 tier=HM,1481,-0.00012573049743943912,-0.968181292046846,-0.9431945980277668,-0.00013844378250930928,0.9920079920079921,0.0006047746368806917,2.889598298148482,2.1567533437701276,0.5327586206896552,0.000999000999000999,9.198461630003137e-05,0.9496742706325609,0.4,10,0.16083916083916083,-5.6425873632390506e-05,9.082560980772092e-05,0.00024945035112379006,0.1606,0.00010221295614548016,2,FAIL,|t_is|>2; p_is<0.01; wf>0 & p_wf<0.05; boot P(<=0)<0.05
news_GBPUSD_1.5_1_HM,news GBPUSD thr=1.5 h=1 tier=HM,711,-0.00020081481343274223,-0.7025562046014275,-0.6477386476029509,-0.00022782672604195319,0.6873126873126874,0.0010486635456479077,2.808913675299552,2.169885815706379,0.5409252669039146,0.001998001998001998,0.00016629535624204555,,,9,0.16683316683316685,-0.00017523231076322398,0.00016629535624204555,0.0005018041482978933,0.2004,0.00019221002875841783,2,FAIL,|t_is|>2; p_is<0.01; wf>0 & p_wf<0.05; boot P(<=0)<0.05
news_EURUSD_1.5_1_H,news EURUSD thr=1.5 h=1 tier=H,130,-0.00017432930202362633,-0.3047670234124595,-0.2586280207006106,-0.00019729884242729995,0.5504495504495505,0.0004355667270284156,0.730050286345715,0.6759206957144533,0.5138888888888888,0.19080919080919082,0.0003325797627538114,,,6,0.17082917082917082,9.28251851218569e-05,0.0003325797627538114,0.0006030486895491593,0.0164,0.00027835742521197925,2,FAIL,|t_is|>2; p_is<0.01; ho NW t>2 & p<0.05; wf>0 & p_wf<0.05
news_USDJPY_1.0_1_H,news USDJPY thr=1.0 h=1 tier=H,281,-0.0006627515346031184,-1.2345425767343745,-1.1197165891261787,-0.0005326865667838496,0.8461538461538461,0.0012182572088245132,1.8939533981355934,1.5358403698331995,0.5306122448979592,0.028971028971028972,0.0004156649863230092,,,8,0.17882117882117882,4.84559149053887e-05,0.0004136836066608875,0.0007848554374027515,0.0236,0.0003080930143775175,2,FAIL,|t_is|>2; p_is<0.01; ho NW t>2 & p<0.05; wf>0 & p_wf<0.05
streak_USDCAD_HM,streak USDCAD tier=HM,1589,-0.00024251207879726655,-1.5824499280485862,-1.3137571983100231,-0.00019120292319894474,0.8601398601398601,0.00060526210600421,3.7952471601883397,2.967138086812873,0.5801186943620178,0.000999000999000999,0.00011053629323588597,1.4524464201484169,0.4,10,0.18681318681318682,-4.502013471191214e-06,0.00011053629323588597,0.0002290495886047202,0.0602,0.00012256003805927323,2,FAIL,|t_is|>2; p_is<0.01; wf>0 & p_wf<0.05; boot P(<=0)<0.05
news_USDJPY_1.0_3_HM,news USDJPY thr=1.0 h=3 tier=HM,1481,-0.00015254050030758385,-0.5473923009483452,-0.5076029461311798,-0.000117569719388047,0.6213786213786214,0.0011750241000217584,2.5302334345766857,2.017713334449336,0.5379310344827586,0.002997002997002997,0.0002766622241946135,1.1755014782522568,0.3,10,0.19480519480519481,-9.805782167853061e-05,0.00027327958986331257,0.0006547649043990584,0.1172,0.00026382369602087386,2,FAIL,|t_is|>2; p_is<0.01; wf>0 & p_wf<0.05; boot P(<=0)<0.05
news_USDJPY_1.0_2_H,news USDJPY thr=1.0 h=2 tier=H,281,-0.001340963234564452,-2.1535118525479247,-1.8764411310149804,-0.0012415641488412379,0.983016983016983,0.0015380304111653957,1.8659900099685476,1.5845982534230156,0.5102040816326531,0.01998001998001998,0.00031848124418961744,,,8,0.2597402597402597,-0.0005332368347951944,0.00031848124418961744,0.0011701993231744293,0.282,0.00025344202327081365,2,FAIL,p_is<0.01; ho NW t>2 & p<0.05; wf>0 & p_wf<0.05; boot P(<=0)<0.05
sizez_USDCAD_0.5_HM,size|z| USDCAD thr=0.5 tier=HM,2856,-6.202037312403698e-05,-0.2918823253466256,-0.2733615914727767,-3.99725797738194e-05,0.8201798201798202,0.0005036781269994971,3.2076190257791013,2.629803228092489,0.5328892589508742,0.000999000999000999,6.222579497464575e-05,0.991574394092974,0.4,10,0.27372627372627373,-3.448626247794407e-05,6.170280789535534e-05,0.00016521106447251913,0.1518,5.9154867758309886e-05,2,FAIL,|t_is|>2; p_is<0.01; wf>0 & p_wf<0.05; boot P(<=0)<0.05
news_USDCAD_1.5_1_HM,news USDCAD thr=1.5 h=1 tier=HM,711,-0.00014206551011445806,-0.6224097229501284,-0.6208129575667919,-3.7170343112210354e-05,0.6343656343656343,0.0006249444911485353,2.6420223102671856,2.230714658715248,0.5622775800711743,0.000999000999000999,7.540764719117856e-05,,,9,0.27672327672327673,-3.130175646275379e-05,7.540764719117854e-05,0.0002008308642909002,0.158,4.811599800947024e-05,2,FAIL,|t_is|>2; p_is<0.01; wf>0 & p_wf<0.05; boot P(<=0)<0.05
volman_AUDUSD_H,vol-managed AUDUSD tier=H,545,-0.0009956885616285653,-2.036515189718232,-2.021034771681123,-0.0008385687409882632,0.988011988011988,0.0006180167398053205,1.5019771155990878,1.2555257459507427,0.5411764705882353,0.029970029970029972,6.876429504417137e-05,,,9,0.2807192807192807,-7.980007870994659e-05,5.29643658646309e-05,0.00024892852715737026,0.285,2.031419465940918e-05,2,FAIL,p_is<0.01; ho NW t>2 & p<0.05; wf>0 & p_wf<0.05; boot P(<=0)<0.05
news_AUDUSD_0.5_1_H,news AUDUSD thr=0.5 h=1 tier=H,545,-0.00102803953345148,-2.338689926073932,-2.307964628747117,-0.000734832473859528,0.9820179820179821,0.0008498533896319364,1.9821693341723101,1.6419981195942066,0.538235294117647,0.012987012987012988,7.705591200799774e-05,,,9,0.2867132867132867,-2.018128530510731e-05,7.493427412764063e-05,0.00022744200701251091,0.2294,1.0245863278538425e-05,2,FAIL,p_is<0.01; ho NW t>2 & p<0.05; wf>0 & p_wf<0.05; boot P(<=0)<0.05
news_AUDUSD_0.5_1_HM,news AUDUSD thr=0.5 h=1 tier=HM,2856,-0.00034548940022368187,-2.2941593403389313,-2.170882322176547,-0.0003178505740931901,0.9210789210789211,0.00047934937416228813,2.363178359567601,1.8772229054998977,0.5228975853455454,0.002997002997002997,2.636546442574553e-05,0.34788577713342606,0.3,10,0.2957042957042957,-9.795769835357977e-05,2.6463652590251993e-05,0.00014971047906222362,0.361,4.657090481652993e-05,2,FAIL,p_is<0.01; ho NW t>2 & p<0.05; wf>0 & p_wf<0.05; boot P(<=0)<0.05
news_USDCHF_0.5_1_H,news USDCHF thr=0.5 h=1 tier=H,545,-0.0001718278713300925,-0.6012063939537475,-0.534581692211983,-0.00015931911516478382,0.6133866133866134,0.0010713835797020073,3.5847502357784236,3.041748140275683,0.5882352941176471,0.000999000999000999,1.587019515240008e-05,,,9,0.3036963036963037,-0.00037487201596563663,1.8786423742154053e-05,0.00037193188079698097,0.4562,7.267184911291373e-05,2,FAIL,|t_is|>2; p_is<0.01; wf>0 & p_wf<0.05; boot P(<=0)<0.05
news_GBPUSD_1.0_1_HM,news GBPUSD thr=1.0 h=1 tier=HM,1481,-0.00020348100321238257,-1.0535408231654986,-0.9939951221001612,-0.0001537930297693178,0.7292707292707292,0.0007477258847553975,2.9622032418754327,2.231305395034772,0.5327586206896552,0.002997002997002997,4.165763604246885e-05,0.2654569240892207,0.4,10,0.33966033966033965,-0.00021186183450138389,4.2993288691422845e-05,0.00028680491386849795,0.3854,6.577052298071817e-05,2,FAIL,|t_is|>2; p_is<0.01; wf>0 & p_wf<0.05; boot P(<=0)<0.05
news_USDJPY_0.5_3_HM,news USDJPY thr=0.5 h=3 tier=HM,2855,-0.00010181703400167855,-0.4989777486807567,-0.4575518973773147,1.9030674157859785e-06,0.5304695304695305,0.0010197667285622132,3.275046900269509,2.72276529147452,0.5416666666666666,0.000999000999000999,0.00018989500773201458,0.7443257904831095,0.3,10,0.34165834165834164,-0.0002077302240219463,0.00018193740722575227,0.0005838809037617234,0.2232,0.0002162765750778384,2,FAIL,|t_is|>2; p_is<0.01; wf>0 & p_wf<0.05; boot P(<=0)<0.05
news_USDCAD_0.5_1_HM,news USDCAD thr=0.5 h=1 tier=HM,2856,-0.00014744904475457937,-1.2887291816472524,-1.2368503323090831,-0.00011801725860220487,0.7532467532467533,0.0002929338875408463,2.5833684214729247,2.2130161939899917,0.5345545378850958,0.000999000999000999,2.2932411447979975e-05,0.5852914648486315,0.4,10,0.44155844155844154,-4.184208154092108e-05,2.305432800594691e-05,8.382719545674952e-05,0.2668,3.4781548705363675e-05,2,FAIL,|t_is|>2; p_is<0.01; wf>0 & p_wf<0.05; boot P(<=0)<0.05
news_USDJPY_2.0_5_H,news USDJPY thr=2.0 h=5 tier=H,65,-0.0002008381387104553,-0.1770333900132861,-0.2156303877618499,-0.000593163774024674,0.5374625374625375,0.005494341761754199,1.9799237707356823,3.107431348056724,0.5454545454545454,0.026973026973026972,,,,0,0.000999000999000999,,,,,,1,FAIL,|t_is|>2; p_is<0.01; wf>0 & p_wf<0.05; boot P(<=0)<0.05; trimmed wf>0
basket_2.0_5_H,basket thr=2.0 h=5 tier=H,65,0.0007537811005233449,0.4896863802126949,0.3816147326576935,-0.0008964925729143105,0.000999000999000999,0.0019673628982897397,0.889881082889723,1.7319225862860743,0.6060606060606061,0.000999000999000999,,,,0,0.000999000999000999,,,,,,1,FAIL,|t_is|>2; ho NW t>2 & p<0.05; wf>0 & p_wf<0.05; boot P(<=0)<0.05; trimmed wf>0
news_AUDUSD_1.0_5_HM,news AUDUSD thr=1.0 h=5 tier=HM,1479,-0.00048135496662121544,-0.9522306557133817,-0.8286326862618755,4.0488943659207534e-05,0.7552447552447552,0.0002600026828749266,0.4678373754798813,0.36047978468218583,0.5,0.22277722277722278,0.0002316147799075919,0.827817291576781,0.1,10,0.03796203796203796,-8.142165016660566e-05,0.0002316147799075919,0.0007762659898893813,0.35,0.0,1,FAIL,|t_is|>2; p_is<0.01; ho NW t>2 & p<0.05; boot P(<=0)<0.05; trimmed wf>0
news_GBPUSD_1.0_3_HM,news GBPUSD thr=1.0 h=3 tier=HM,1481,-0.0005262563506795069,-1.4233424595970041,-1.3767777236051837,-0.0005429609110300489,0.8651348651348651,0.0006544463500232655,1.701710503251179,1.353913795927144,0.5206896551724138,0.023976023976023976,0.00023074816152241835,1.3646533491796597,0.2,10,0.053946053946053944,-9.15610778551035e-06,0.00023074816152241835,0.0005369193726745602,0.1106,0.00010852332966482214,1,FAIL,|t_is|>2; p_is<0.01; ho NW t>2 & p<0.05; wf>0 & p_wf<0.05; boot P(<=0)<0.05
news_USDCHF_1.5_3_HM,news USDCHF thr=1.5 h=3 tier=HM,711,-0.00013017136527698238,-0.37104442546375543,-0.36141178996181644,0.0001211046183542359,0.5104895104895105,0.001032201882792709,1.847676401294187,1.516790845473697,0.5231316725978647,0.017982017982017984,0.00022810112165231493,,,9,0.054945054945054944,-0.00026424634005399206,0.00022410684197481264,0.0007482456193121833,0.2466,0.00016785037124048075,1,FAIL,|t_is|>2; p_is<0.01; ho NW t>2 & p<0.05; wf>0 & p_wf<0.05; boot P(<=0)<0.05
news_GBPUSD_0.5_5_HM,news GBPUSD thr=0.5 h=5 tier=HM,2852,-0.00042966288523059177,-1.280130895978021,-1.200904813469132,-0.00025589498786458375,0.8471528471528471,0.0007640213121536387,2.4077638119906233,1.8791372428660091,0.5271512113617377,0.006993006993006993,0.00017015868019635405,1.031027726071044,0.3,10,0.055944055944055944,-6.069159785295426e-05,0.00016781028865522644,0.00044212416334355343,0.1184,0.00011711667588143102,1,FAIL,|t_is|>2; p_is<0.01; ho NW t>2 & p<0.05; wf>0 & p_wf<0.05; boot P(<=0)<0.05
news_NZDUSD_1.0_5_HM,news NZDUSD thr=1.0 h=5 tier=HM,1479,-0.000463547382759378,-0.9335884067835212,-0.8412661434031113,9.741234532700946e-06,0.7312687312687313,0.00048165393862134576,0.8238746755296563,0.5996495802241266,0.47923875432525953,0.13786213786213786,0.00015954950302719616,0.5739329037109714,0.2,10,0.056943056943056944,-0.00024388133868002,0.0001407306350702903,0.000628709424381415,0.3144,5.863776461262095e-05,1,FAIL,|t_is|>2; p_is<0.01; ho NW t>2 & p<0.05; wf>0 & p_wf<0.05; boot P(<=0)<0.05
news_EURUSD_1.0_2_H,news EURUSD thr=1.0 h=2 tier=H,281,-0.0010717168145291294,-1.9212643262542057,-2.005554376553662,-0.0015124194311978195,0.949050949050949,0.0008422819688254402,1.3753635050424844,1.1821360153220768,0.5170068027210885,0.058941058941058944,0.0003795396001431969,,,8,0.06593406593406594,-2.443165160774458e-05,0.00037953960014319683,0.0008585290982161016,0.1026,0.0002193020036193187,1,FAIL,|t_is|>2; p_is<0.01; ho NW t>2 & p<0.05; wf>0 & p_wf<0.05; boot P(<=0)<0.05
news_USDJPY_1.5_1_H,news USDJPY thr=1.5 h=1 tier=H,130,0.0003808794645523885,0.4474354488873878,0.3593848598552631,8.010482415975184e-05,0.3086913086913087,0.0015312534340935977,1.8973777818232314,1.910348886216957,0.5416666666666666,0.01998001998001998,0.000963632585971404,,,6,0.06793206793206794,-7.578147669296799e-05,0.0009512230768258549,0.002117393473244815,0.0654,0.0009363436053471834,1,FAIL,|t_is|>2; p_is<0.01; ho NW t>2 & p<0.05; wf>0 & p_wf<0.05; boot P(<=0)<0.05
news_USDCHF_2.0_3_HM,news USDCHF thr=2.0 h=3 tier=HM,378,0.00013359503495024666,0.3295251913578302,0.31141597757330325,0.0005461016706580663,0.27472527472527475,0.0007855047593587313,0.933309535061208,0.9775974701208333,0.5214285714285715,0.17682317682317683,0.00026710267177421337,,,9,0.07292707292707293,-0.00012621972448308863,0.00026710267177421337,0.0006409948458398171,0.1308,0.0003076079350544646,1,FAIL,|t_is|>2; p_is<0.01; ho NW t>2 & p<0.05; wf>0 & p_wf<0.05; boot P(<=0)<0.05
basket_1.0_3_HM,basket thr=1.0 h=3 tier=HM,1481,-0.00048287823750287377,-1.969623921631723,-1.9197756147685068,-0.0003749120651459165,1.0,0.00047290592082317143,1.516309259299953,1.1586874728179093,0.5120689655172413,0.000999000999000999,0.00015846758367868587,0.9432103086572694,0.2,10,0.07292707292707293,-5.542953215318236e-05,0.00015846758367868587,0.0004847598990455118,0.219,2.8795240089830095e-05,1,FAIL,|t_is|>2; p_is<0.01; ho NW t>2 & p<0.05; wf>0 & p_wf<0.05; boot P(<=0)<0.05
news_NZDUSD_2.0_1_HM,news NZDUSD thr=2.0 h=1 tier=HM,378,-0.0003231028483143406,-0.7373752254383215,-0.6968489741283221,-0.0002782505329006265,0.6783216783216783,0.0012069682440350288,2.0524149137731227,1.5051348467488421,0.6,0.011988011988011988,0.0003738428102298166,,,9,0.07692307692307693,-0.00024833415587468345,0.0003738428102298166,0.0009959761955420435,0.1694,0.0003351365218009252,1,FAIL,|t_is|>2; p_is<0.01; ho NW t>2 & p<0.05; wf>0 & p_wf<0.05; boot P(<=0)<0.05
news_USDCAD_1.5_5_HM,news USDCAD thr=1.5 h=5 tier=HM,710,-0.0005003721295141624,-0.9880220053581878,-0.9269911932484816,-0.0005162175010308327,0.8011988011988012,0.00027200104276631703,0.5772798054386942,0.5580375121995842,0.5035714285714286,0.22677322677322678,0.00021770783283900388,,,9,0.07792207792207792,0.0,0.00021770783283900388,0.0005513440973877456,0.108,4.361974334111398e-05,1,FAIL,|t_is|>2; p_is<0.01; ho NW t>2 & p<0.05; wf>0 & p_wf<0.05; boot P(<=0)<0.05
news_GBPUSD_1.5_2_HM,news GBPUSD thr=1.5 h=2 tier=HM,711,-0.0003793438510726661,-0.8573068535439854,-0.9202784803376248,-0.00039933582316530936,0.7632367632367633,0.0012035143800864841,2.409000035989117,1.9382932209995445,0.5409252669039146,0.006993006993006993,0.0002581786109401737,,,9,0.08191808191808192,-0.00025553251000873245,0.0002581786109401737,0.0007701115723019218,0.2068,0.00029842981298762206,1,FAIL,|t_is|>2; p_is<0.01; ho NW t>2 & p<0.05; wf>0 & p_wf<0.05; boot P(<=0)<0.05
news_GBPUSD_1.5_3_HM,news GBPUSD thr=1.5 h=3 tier=HM,711,-0.00036737996429263417,-0.6442399717455177,-0.6814808174156279,-0.0003802544157146757,0.6783216783216783,0.0008541150008493182,1.5197988738930532,1.3678696722987407,0.5195729537366548,0.052947052947052944,0.0002814043406866144,,,9,0.08491508491508491,-0.00025971836034410144,0.0002814043406866144,0.0008081414333360868,0.1966,0.0003422927831988187,1,FAIL,|t_is|>2; p_is<0.01; ho NW t>2 & p<0.05; wf>0 & p_wf<0.05; boot P(<=0)<0.05
news_GBPUSD_1.0_2_H,news GBPUSD thr=1.0 h=2 tier=H,281,-0.0010010967405084201,-1.1755129059642104,-1.1336553674211471,-0.001449338095413934,0.8491508491508492,0.0009257263521300176,1.3115536679123259,1.1257623751501966,0.5306122448979592,0.07292707292707293,0.00038198596628669703,,,8,0.08591408591408592,-1.0184174643342842e-05,0.00038198596628669703,0.0007843402818600797,0.1026,0.00025538685659668516,1,FAIL,|t_is|>2; p_is<0.01; ho NW t>2 & p<0.05; wf>0 & p_wf<0.05; boot P(<=0)<0.05
news_EURUSD_1.5_5_H,news EURUSD thr=1.5 h=5 tier=H,130,-0.0005639956627227242,-0.3974515327227782,-0.3223054110576272,-0.0008125408674948366,0.6413586413586414,0.0006299935049730464,0.4436338091967395,0.4486345692806066,0.5138888888888888,0.29270729270729273,0.0005400728019196663,,,6,0.08691308691308691,0.0,0.0005400728019196663,0.001551726830642125,0.0812,3.424578755843696e-05,1,FAIL,|t_is|>2; p_is<0.01; ho NW t>2 & p<0.05; wf>0 & p_wf<0.05; boot P(<=0)<0.05
news_USDJPY_0.5_3_H,news USDJPY thr=0.5 h=3 tier=H,544,-0.001205499680047391,-1.9915817604674115,-1.9094920099731316,-0.001394585452110576,0.971028971028971,0.0012454090015260406,2.2761891684837603,1.9251890034715844,0.5368731563421829,0.007992007992007992,0.00045816364972423935,,,9,0.09290709290709291,-3.7984015638493485e-05,0.00045816364972423935,0.0010358975531093396,0.108,0.00026650377471880627,1,FAIL,|t_is|>2; p_is<0.01; ho NW t>2 & p<0.05; wf>0 & p_wf<0.05; boot P(<=0)<0.05
news_NZDUSD_1.5_5_H,news NZDUSD thr=1.5 h=5 tier=H,130,0.0017165623278356857,0.9570575734376346,0.6955392140293991,0.0017369234923136265,0.15184815184815184,0.0013389761679848912,0.70335705929717,0.5792153632117483,0.4861111111111111,0.22077922077922077,0.0006399786259475546,,,6,0.0969030969030969,-0.0013306078531272571,0.0006059459922000617,0.0029250482860495677,0.3292,0.0002137966730814156,1,FAIL,|t_is|>2; p_is<0.01; ho NW t>2 & p<0.05; wf>0 & p_wf<0.05; boot P(<=0)<0.05
news_EURUSD_0.5_1_HM,news EURUSD thr=0.5 h=1 tier=HM,2856,4.5770166008667737e-07,0.0040480461888140066,0.0038323280584507346,6.050433609037014e-06,0.2517482517482518,0.00027986213603525747,1.9153219134576094,1.4869316237762076,0.5037468776019983,0.005994005994005994,0.00010122287245104195,1.4469221083302857,0.5,10,0.1018981018981019,-6.617212008165745e-06,0.00010007002114080738,0.00021205736304284647,0.0602,9.001669423628025e-05,1,FAIL,|t_is|>2; p_is<0.01; ho NW t>2 & p<0.05; wf>0 & p_wf<0.05; boot P(<=0)<0.05
news_NZDUSD_0.5_2_H,news NZDUSD thr=0.5 h=2 tier=H,544,-0.001273613657256926,-1.939984197867534,-1.8346570597398695,-0.0012501744307479453,0.957042957042957,0.0010468802389951028,2.063732755414201,1.6753796283721551,0.5162241887905604,0.01098901098901099,0.00020517844512945292,,,9,0.1018981018981019,-8.886396631965624e-05,0.00020259483560384822,0.0005371311463399594,0.1614,0.00013023953717390243,1,FAIL,|t_is|>2; p_is<0.01; ho NW t>2 & p<0.05; wf>0 & p_wf<0.05; boot P(<=0)<0.05
news_NZDUSD_1.0_5_H,news NZDUSD thr=1.0 h=5 tier=H,280,0.00019313139121278407,0.15365576108258608,0.14037233937812582,-0.0004373083108492063,0.3776223776223776,0.0016202409841789567,1.2840228597703423,0.9787695610313675,0.4931506849315068,0.07792207792207792,0.0003222638948249421,,,8,0.1048951048951049,-0.00067944457790055,0.0003222638948249421,0.0013819014264360551,0.3164,0.0002858955841023095,1,FAIL,|t_is|>2; p_is<0.01; ho NW t>2 & p<0.05; wf>0 & p_wf<0.05; boot P(<=0)<0.05
news_USDJPY_1.5_2_HM,news USDJPY thr=1.5 h=2 tier=HM,711,-2.403169600899219e-05,-0.07456166301925775,-0.06459772152387293,1.1249541260147501e-05,0.4275724275724276,0.0011649964985653394,1.9671403234454166,1.515526413704915,0.5516014234875445,0.01998001998001998,0.00040599485071799867,,,9,0.12487512487512488,-0.00016539161161180477,0.00036725687003066724,0.0010857668062296346,0.166,0.00010224082248948244,1,FAIL,|t_is|>2; p_is<0.01; ho NW t>2 & p<0.05; wf>0 & p_wf<0.05; boot P(<=0)<0.05
news_EURUSD_1.5_2_HM,news EURUSD thr=1.5 h=2 tier=HM,711,-0.00020057859986498096,-0.6533313144244911,-0.6164570968984137,6.275735482027526e-05,0.6463536463536463,0.0006176819093000986,1.387277464280222,1.1410548020491305,0.49110320284697506,0.04995004995004995,0.0001734207183065915,,,9,0.13286713286713286,-0.0002140628195046625,0.00017442011027238817,0.0005683350167378093,0.2438,0.00018126465462795367,1,FAIL,|t_is|>2; p_is<0.01; ho NW t>2 & p<0.05; wf>0 & p_wf<0.05; boot P(<=0)<0.05
news_AUDUSD_1.5_5_HM,news AUDUSD thr=1.5 h=5 tier=HM,710,-0.00037068444691805175,-0.4985916530063555,-0.44568729859684014,0.0006680740354945811,0.6363636363636364,0.000623893619546489,0.7429824766222032,0.6363976256800312,0.5,0.2077922077922078,0.00018561317270962194,,,9,0.13786213786213786,-0.0009184307404186444,0.00018561317270962194,0.0012896570858378883,0.4028,0.0003417212978989336,1,FAIL,|t_is|>2; p_is<0.01; ho NW t>2 & p<0.05; wf>0 & p_wf<0.05; boot P(<=0)<0.05
news_USDCAD_2.0_5_HM,news USDCAD thr=2.0 h=5 tier=HM,377,-0.000723886505338115,-1.1049039931986329,-1.0352296367601292,-0.0012774629784514182,0.8331668331668332,0.0006516386263167776,0.937624787880675,1.1575631055643305,0.5179856115107914,0.14685314685314685,0.0002331126608363121,,,9,0.14185814185814186,0.0,0.0002331126608363121,0.0006468492051063627,0.108,2.2495190315388646e-05,1,FAIL,|t_is|>2; p_is<0.01; ho NW t>2 & p<0.05; wf>0 & p_wf<0.05; boot P(<=0)<0.05
news_USDCHF_1.5_1_H,news USDCHF thr=1.5 h=1 tier=H,130,0.00013269769248346275,0.24139787284819206,0.22616930986529218,0.0005853510889211474,0.33266733266733267,0.00104289763479267,1.8601391597700025,1.70544019666693,0.5555555555555556,0.02197802197802198,0.0003501942128327627,,,6,0.14485514485514486,-0.00036784613463934466,0.0003501942128327627,0.0010343267782144956,0.2034,0.00045627076463836477,1,FAIL,|t_is|>2; p_is<0.01; ho NW t>2 & p<0.05; wf>0 & p_wf<0.05; boot P(<=0)<0.05
news_GBPUSD_0.5_3_H,news GBPUSD thr=0.5 h=3 tier=H,544,-0.0012659953943763942,-1.6127115469880462,-1.5630440239024423,-0.0007296454821335741,0.9340659340659341,0.0009257893027611982,1.9115770228810998,1.4857152344685036,0.5545722713864307,0.015984015984015984,0.00018810905173372356,,,9,0.14985014985014986,-0.0003796334560867833,0.00018810905173372359,0.0007232679874406208,0.2932,0.0002624182640890871,1,FAIL,|t_is|>2; p_is<0.01; ho NW t>2 & p<0.05; wf>0 & p_wf<0.05; boot P(<=0)<0.05
news_AUDUSD_0.5_2_H,news AUDUSD thr=0.5 h=2 tier=H,544,-0.0010940206944508677,-1.684840638979255,-1.5675898053515764,-0.0013533223538763231,0.9170829170829171,0.0006740476846830042,1.337549361311638,1.0969780311790558,0.49262536873156343,0.04695304695304695,0.0001685621655009288,,,9,0.15084915084915085,-0.00019842166239678112,0.00016310008419225238,0.0005531253937699513,0.2768,0.00010485005412359081,1,FAIL,|t_is|>2; p_is<0.01; ho NW t>2 & p<0.05; wf>0 & p_wf<0.05; boot P(<=0)<0.05
news_NZDUSD_1.5_2_H,news NZDUSD thr=1.5 h=2 tier=H,130,-0.00030887474422679027,-0.2173185906007123,-0.19131434203367953,4.42020650765903e-05,0.5244755244755245,0.0015474215576641729,1.300264916715931,1.0793646515197,0.4583333333333333,0.09290709290709291,0.0004202688367737995,,,6,0.15184815184815184,-2.0954021577367978e-05,0.0004202688367737995,0.0008824457167023351,0.0888,0.0002954271388438562,1,FAIL,|t_is|>2; p_is<0.01; ho NW t>2 & p<0.05; wf>0 & p_wf<0.05; boot P(<=0)<0.05
news_EURUSD_0.5_3_HM,news EURUSD thr=0.5 h=3 tier=HM,2855,-0.0001916111913564767,-1.0266570691236656,-0.9375944214166639,-4.8759616534745225e-05,0.7202797202797203,0.00032355215737087627,1.4218132820879812,1.0953257159904621,0.5275,0.04195804195804196,7.924685834315872e-05,0.7382140847021886,0.3,10,0.16183816183816183,-9.057222158099253e-05,7.83830372509464e-05,0.0002516574015439469,0.2538,4.940224821125513e-05,1,FAIL,|t_is|>2; p_is<0.01; ho NW t>2 & p<0.05; wf>0 & p_wf<0.05; boot P(<=0)<0.05
news_AUDUSD_2.0_1_HM,news AUDUSD thr=2.0 h=1 tier=HM,378,-1.4268090763105798e-05,-0.03227714210703337,-0.03201070742816689,-3.869165962697018e-05,0.3936063936063936,0.0010653519317273396,1.7789036659738802,1.3918500390296076,0.5928571428571429,0.02197802197802198,0.0002340948943792195,,,9,0.16283716283716285,-0.00033405802272871396,0.0002340948943792195,0.0008387358465987722,0.2464,0.0002165256215647162,1,FAIL,|t_is|>2; p_is<0.01; ho NW t>2 & p<0.05; wf>0 & p_wf<0.05; boot P(<=0)<0.05
news_USDJPY_1.5_1_HM,news USDJPY thr=1.5 h=1 tier=HM,711,6.405288552152637e-05,0.24660144799035205,0.2189517512143577,9.196830823013332e-05,0.2857142857142857,0.0008709994460142078,1.9981057362049692,1.6621612541126547,0.5373665480427047,0.015984015984015984,0.00033976730862582714,,,9,0.16683316683316685,-7.445870328006367e-05,0.0003144856273281327,0.0008194693698179458,0.1112,0.00015008121992907738,1,FAIL,|t_is|>2; p_is<0.01; ho NW t>2 & p<0.05; wf>0 & p_wf<0.05; boot P(<=0)<0.05
news_GBPUSD_1.5_3_H,news GBPUSD thr=1.5 h=3 tier=H,130,-0.002265205362714542,-1.4302507422413138,-1.2032111092648952,-0.0023371009547525543,0.9080919080919081,0.000977825956278511,0.800399883187831,0.7850576045940755,0.5555555555555556,0.1958041958041958,0.0003645827814856286,,,6,0.17182817182817184,0.0,0.0003645827814856286,0.0008003519501412389,0.0812,0.00014669819715782342,1,FAIL,|t_is|>2; p_is<0.01; ho NW t>2 & p<0.05; wf>0 & p_wf<0.05; boot P(<=0)<0.05
news_NZDUSD_1.5_3_HM,news NZDUSD thr=1.5 h=3 tier=HM,711,-0.00045067589639837013,-0.7881912492374727,-0.81312595023236,-0.00016859947309117915,0.7112887112887113,0.0003509076296469561,0.5310786437765264,0.4189865929979903,0.47686832740213525,0.22477522477522477,0.00011973446979180067,,,9,0.17582417582417584,-0.00044407427644493566,0.00011973446979180067,0.000683543216028537,0.3706,0.00013343177372540706,1,FAIL,|t_is|>2; p_is<0.01; ho NW t>2 & p<0.05; wf>0 & p_wf<0.05; boot P(<=0)<0.05
volman_AUDUSD_HM,vol-managed AUDUSD tier=HM,2850,-0.00032909860220358236,-1.985248922203389,-1.8562275102214172,-0.000287023636591575,0.977022977022977,0.0004393695709356707,2.344376888571934,1.8910848332289696,0.5253955037468776,0.006993006993006993,5.9504453413501465e-05,0.6285052514170818,0.3,10,0.1798201798201798,-9.180931614564157e-05,5.9504453413501465e-05,0.000210580022381548,0.235,6.643220570938109e-05,1,FAIL,|t_is|>2; p_is<0.01; ho NW t>2 & p<0.05; wf>0 & p_wf<0.05; boot P(<=0)<0.05
gsrgsr20_AUDUSD,gsrgsr20 -> AUDUSD,4426,5.808204634929749e-05,0.4895630879128592,0.4554744730767397,3.1874183697510965e-05,0.05094905094905095,0.00012295743004823458,0.8544982945252906,0.8984813820624643,0.5231299212598425,0.04195804195804196,4.1083679434296056e-05,0.6076683200138935,0.3,10,0.2017982017982018,-6.202780450483568e-05,3.717293280363474e-05,0.0001509205799000867,0.2792,1.9787588098450288e-05,1,FAIL,|t_is|>2; p_is<0.01; ho NW t>2 & p<0.05; wf>0 & p_wf<0.05; boot P(<=0)<0.05
news_EURUSD_0.5_2_HM,news EURUSD thr=0.5 h=2 tier=HM,2855,-0.0002031154800570526,-1.3114853171308343,-1.1905765556485384,-0.00011601382805055959,0.7712287712287712,0.00041720550435325835,2.0986834328125124,1.6515670496571586,0.5208333333333334,0.006993006993006993,6.524088401177957e-05,0.7276590766424126,0.3,10,0.20679320679320679,-7.418729349076464e-05,6.369457141603354e-05,0.0002066591117932821,0.2274,6.438537674803132e-05,1,FAIL,|t_is|>2; p_is<0.01; ho NW t>2 & p<0.05; wf>0 & p_wf<0.05; boot P(<=0)<0.05
news_AUDUSD_1.5_5_H,news AUDUSD thr=1.5 h=5 tier=H,130,0.0015836805792776624,0.9664543804591244,0.7762820881079701,0.0006214877079787192,0.14785214785214784,0.0009665459025717137,0.5289413495542684,0.492208690282523,0.5138888888888888,0.27972027972027974,0.00030539058929849396,,,6,0.21078921078921078,-0.0018975184171092518,0.00030539058929849396,0.002671291596713887,0.4078,0.00016425587195356039,1,FAIL,|t_is|>2; p_is<0.01; ho NW t>2 & p<0.05; wf>0 & p_wf<0.05; boot P(<=0)<0.05
basket_1.5_3_HM,basket thr=1.5 h=3 tier=HM,711,-0.0003973473415491776,-1.0634733480393972,-1.150848444789174,-0.00013828948760499893,1.0,0.0006587709052733197,1.4597344085003314,1.2070913085429325,0.5088967971530249,0.000999000999000999,0.00010594535999192905,,,9,0.21178821178821178,-0.0002927501287154273,0.00010594535999192906,0.000499411670882549,0.3252,0.0001396293019223117,1,FAIL,|t_is|>2; p_is<0.01; ho NW t>2 & p<0.05; wf>0 & p_wf<0.05; boot P(<=0)<0.05
basket_0.5_3_HM,basket thr=0.5 h=3 tier=HM,2855,-0.00024076383394986144,-1.3861595106944016,-1.3752747143448714,-0.00015079664927068016,1.0,0.00038954494477799203,1.876929334117053,1.4983516804488635,0.5283333333333333,0.000999000999000999,5.599983261390727e-05,0.4951836279204553,0.2,10,0.21978021978021978,-0.00011455847601054674,5.324381598263627e-05,0.0002444046004065919,0.3052,3.1554874594603306e-05,1,FAIL,|t_is|>2; p_is<0.01; ho NW t>2 & p<0.05; wf>0 & p_wf<0.05; boot P(<=0)<0.05
news_NZDUSD_2.0_3_HM,news NZDUSD thr=2.0 h=3 tier=HM,378,-0.0005495390473868527,-0.7712249802425831,-0.7204578172432318,0.00021846798011671714,0.7022977022977023,0.0002211865528141871,0.24398660472472672,0.20818810174619626,0.5,0.34065934065934067,0.00012286539397136058,,,9,0.22477522477522477,-0.000462006684764587,0.00012286539397136058,0.0006744464661830769,0.3924,0.0002060856834617718,1,FAIL,|t_is|>2; p_is<0.01; ho NW t>2 & p<0.05; wf>0 & p_wf<0.05; boot P(<=0)<0.05
sizez_USDJPY_1.0_HM,size|z| USDJPY thr=1.0 tier=HM,1481,-8.531095838996585e-07,-0.001962652371864237,-0.001910108011201164,8.766778808879615e-05,0.8471528471528471,0.0010779513678217897,1.9536808120801703,1.5489598680528684,0.5275862068965518,0.000999000999000999,0.00025091299456068934,0.6313642077423952,0.4,10,0.22577422577422576,-0.00035876118522216977,0.00025091299456068934,0.0008737795918546778,0.2538,0.00024463260649350337,1,FAIL,|t_is|>2; p_is<0.01; ho NW t>2 & p<0.05; wf>0 & p_wf<0.05; boot P(<=0)<0.05
news_USDCAD_1.5_2_HM,news USDCAD thr=1.5 h=2 tier=HM,711,-0.00011900075330507086,-0.36401039274753355,-0.4203724276479158,-0.00033083087127796644,0.5304695304695305,0.00046272726395406744,1.428087681487967,1.2566350336615646,0.4875444839857651,0.04995004995004995,9.858674268048743e-05,,,9,0.23876123876123875,-0.0001316079920657523,8.92207306110188e-05,0.0003807140147792957,0.2722,2.9991989139376415e-05,1,FAIL,|t_is|>2; p_is<0.01; ho NW t>2 & p<0.05; wf>0 & p_wf<0.05; boot P(<=0)<0.05
news_GBPUSD_2.0_1_HM,news GBPUSD thr=2.0 h=1 tier=HM,378,-0.00042018417394257024,-1.0347011097513605,-1.039146200047948,-0.0005253885294857626,0.7932067932067932,0.001154240335689996,2.1825025408301446,1.6710634096804995,0.5642857142857143,0.007992007992007992,0.00014568104802286166,,,9,0.25074925074925075,-0.0004612819139010562,0.00015683969977290795,0.0007158497402671918,0.3384,0.0002598745827127794,1,FAIL,|t_is|>2; p_is<0.01; ho NW t>2 & p<0.05; wf>0 & p_wf<0.05; boot P(<=0)<0.05
news_USDCHF_1.5_1_HM,news USDCHF thr=1.5 h=1 tier=HM,711,-9.389316008377649e-05,-0.44490561268691614,-0.43671753642722744,-6.715821146787302e-05,0.4865134865134865,0.0006071710042347563,1.6858550335398348,1.4504314596671937,0.5338078291814946,0.027972027972027972,3.7173476659337575e-05,,,9,0.2517482517482518,-7.096364887508645e-05,3.7173476659337575e-05,0.00015258947536522875,0.2948,2.7802779894274472e-05,1,FAIL,|t_is|>2; p_is<0.01; ho NW t>2 & p<0.05; wf>0 & p_wf<0.05; boot P(<=0)<0.05
news_EURUSD_0.5_2_H,news EURUSD thr=0.5 h=2 tier=H,544,-0.0007674925726065484,-1.753977230808825,-1.7151856426437015,-0.0005418956022784914,0.9370629370629371,0.000620306299156359,1.6491497713561403,1.3022843786788614,0.5309734513274337,0.028971028971028972,9.722361949699511e-05,,,9,0.25374625374625376,-0.0002289645734871665,9.722361949699511e-05,0.0004212555380851422,0.3148,9.999186432865329e-05,1,FAIL,|t_is|>2; p_is<0.01; ho NW t>2 & p<0.05; wf>0 & p_wf<0.05; boot P(<=0)<0.05
news_EURUSD_2.0_3_HM,news EURUSD thr=2.0 h=3 tier=HM,378,1.6855526928680804e-05,0.03708682883906741,0.03308112794434724,0.0003642955121640108,0.4115884115884116,0.0003949783064383589,0.5170076100466224,0.5560672490048065,0.55,0.27672327672327673,0.00011434960804095221,,,9,0.25374625374625376,-0.0002473486374903153,0.00011434960804095221,0.00045242553604555203,0.3194,0.00012863828728091565,1,FAIL,|t_is|>2; p_is<0.01; ho NW t>2 & p<0.05; wf>0 & p_wf<0.05; boot P(<=0)<0.05
news_USDCAD_1.0_2_H,news USDCAD thr=1.0 h=2 tier=H,281,0.00018156645113772915,0.2838691662957487,0.2741605063139826,-0.0003049850995699234,0.3386613386613387,0.0005853281370761824,1.262757430532206,1.2668406841947124,0.5306122448979592,0.07592407592407592,0.00011172309053917868,,,8,0.2707292707292707,-0.0004490689028133757,0.0001246569759121264,0.0006419837868954536,0.3768,0.0002037969487401188,1,FAIL,|t_is|>2; p_is<0.01; ho NW t>2 & p<0.05; wf>0 & p_wf<0.05; boot P(<=0)<0.05
news_AUDJPY_2.0_1_HM,news AUDJPY thr=2.0 h=1 tier=HM,378,-0.0003143978246172993,-0.6632556428305848,-0.704146463305488,-0.0003778710750973435,0.6653346653346653,0.0006285629730710122,1.1546424609228139,1.1705410992960437,0.5785714285714286,0.08091908091908091,0.00027966020329561454,,,9,0.27172827172827174,-3.994110761528166e-05,0.00027966020329561454,0.0008488479228863688,0.2196,1.933315368155777e-05,1,FAIL,|t_is|>2; p_is<0.01; ho NW t>2 & p<0.05; wf>0 & p_wf<0.05; boot P(<=0)<0.05
news_USDJPY_1.0_2_HM,news USDJPY thr=1.0 h=2 tier=HM,1481,-9.38205073874799e-05,-0.41354895740503,-0.35373473957700113,4.1444147115619774e-05,0.5054945054945055,0.0007911756426228893,1.9039822754882334,1.4991770061341647,0.5310344827586206,0.014985014985014986,0.000207790029977077,0.764624892020003,0.4,10,0.3096903096903097,-0.00019588710445945468,0.000191285387799123,0.0006436152431732174,0.2196,0.00014851403284458549,1,FAIL,|t_is|>2; p_is<0.01; ho NW t>2 & p<0.05; wf>0 & p_wf<0.05; boot P(<=0)<0.05
news_EURUSD_0.5_3_H,news EURUSD thr=0.5 h=3 tier=H,544,-0.001038042274780354,-1.9611946862513612,-1.9457668871072442,-0.00063789263823885,0.949050949050949,0.0007940606596039317,1.8236757425195427,1.401417416199036,0.56047197640118,0.017982017982017984,5.299403425755472e-05,,,9,0.3106893106893107,-0.0006294705541897144,5.4880510492018994e-05,0.0006904652041923409,0.4206,0.00018879410819638674,1,FAIL,|t_is|>2; p_is<0.01; ho NW t>2 & p<0.05; wf>0 & p_wf<0.05; boot P(<=0)<0.05
overfade_EURUSD_HM,over-fade EURUSD tier=HM,236,0.0002068942872513485,0.4971242662711402,0.44128480886357424,-0.00034181172686120135,0.24675324675324675,-0.0004768302573439844,-0.9363051041399688,-0.8308058809569548,0.5363636363636364,0.7642357642357642,6.70120755178818e-05,,,8,0.3386613386613387,-4.869062555621628e-05,6.27963245082092e-05,0.00021628600240860022,0.231,1.131519240713174e-05,1,FAIL,|t_is|>2; p_is<0.01; ho NW t>2 & p<0.05; wf>0 & p_wf<0.05; boot P(<=0)<0.05
news_GBPUSD_2.0_3_HM,news GBPUSD thr=2.0 h=3 tier=HM,378,-0.000865088597127828,-1.193802410663041,-1.3254211355768826,-0.00046387797195324723,0.8691308691308691,0.0008769180546040244,1.0793594186029507,0.9769082070204939,0.5285714285714286,0.1258741258741259,5.276032680491064e-05,,,9,0.34065934065934067,-0.0006386580450513129,6.0958301444994076e-05,0.0007116267747698543,0.4234,0.00018116525272950616,1,FAIL,|t_is|>2; p_is<0.01; ho NW t>2 & p<0.05; wf>0 & p_wf<0.05; boot P(<=0)<0.05
news_USDJPY_1.0_1_HM,news USDJPY thr=1.0 h=1 tier=HM,1481,3.851172300729035e-05,0.22136231672781026,0.19365716183182724,5.4945682889894084e-05,0.24975024975024976,0.0006153800720088955,2.00952199139561,1.5380294015390295,0.5275862068965518,0.01098901098901099,0.0001976183723550081,1.1389402032750748,0.5,10,0.34765234765234765,-6.735552263898979e-05,0.00019698425095003152,0.00047550501371439614,0.1162,0.00020308435342802087,1,FAIL,|t_is|>2; p_is<0.01; ho NW t>2 & p<0.05; wf>0 & p_wf<0.05; boot P(<=0)<0.05
news_EURUSD_1.5_1_HM,news EURUSD thr=1.5 h=1 tier=HM,711,4.398928628803738e-05,0.19092726446980376,0.19346695623301172,0.00010947356774501166,0.27372627372627373,0.0005112510844372592,1.5882792373791055,1.2300846715315208,0.49466192170818507,0.02197802197802198,5.3129020343045505e-05,,,9,0.35364635364635366,-9.857578100603457e-05,5.536992672970774e-05,0.00019554816099917868,0.271,6.988180115865376e-05,1,FAIL,|t_is|>2; p_is<0.01; ho NW t>2 & p<0.05; wf>0 & p_wf<0.05; boot P(<=0)<0.05
news_USDCAD_1.5_1_H,news USDCAD thr=1.5 h=1 tier=H,130,-0.000796114697995482,-1.175190931308004,-1.072643153909456,-0.0012235872146855909,0.8601398601398601,0.0006130409264880744,1.3350943384812064,1.3339813818965598,0.5972222222222222,0.06293706293706294,4.122060436538545e-05,,,6,0.35664335664335667,-0.0005708678903505916,4.122060436538544e-05,0.0006061388593997953,0.4668,0.0001144996292644471,1,FAIL,|t_is|>2; p_is<0.01; ho NW t>2 & p<0.05; wf>0 & p_wf<0.05; boot P(<=0)<0.05
news_USDJPY_2.0_1_HM,news USDJPY thr=2.0 h=1 tier=HM,378,0.0002587505747793775,0.7115737503973902,0.7207899780363936,0.00029498209352975436,0.1888111888111888,0.0003613906911963901,0.630005943978021,0.5905839362114963,0.5,0.2137862137862138,0.00016021229177261818,,,9,0.4035964035964036,-0.00030889197288899196,0.0001674951962365444,0.000615612412948758,0.2762,0.00019006514040947517,1,FAIL,|t_is|>2; p_is<0.01; ho NW t>2 & p<0.05; wf>0 & p_wf<0.05; boot P(<=0)<0.05
news_GBPUSD_0.5_3_HM,news GBPUSD thr=0.5 h=3 tier=HM,2855,-7.624679509112692e-05,-0.28937749290505305,-0.28172349288784376,-3.180891569080445e-05,0.5074925074925075,0.00039322675079467344,1.5512810135791788,1.2304337576893531,0.5125,0.03796203796203796,1.7481632295455388e-05,0.18236773765776157,0.4,10,0.4085914085914086,-0.000139169997855141,1.9030340426429904e-05,0.0001661813675445155,0.4182,3.065185750019492e-05,1,FAIL,|t_is|>2; p_is<0.01; ho NW t>2 & p<0.05; wf>0 & p_wf<0.05; boot P(<=0)<0.05
news_GBPUSD_2.0_2_HM,news GBPUSD thr=2.0 h=2 tier=HM,378,-0.0008070948553465896,-1.378203132510964,-1.5981390667266253,-0.0005006876246294384,0.8931068931068931,0.0011102018577772094,1.5166711036252485,1.394485876916771,0.55,0.058941058941058944,2.9025822387145014e-05,,,9,0.4115884115884116,-0.0006987449722993366,6.791383058851925e-05,0.0006670368416714594,0.4434,0.00020272320770231122,1,FAIL,|t_is|>2; p_is<0.01; ho NW t>2 & p<0.05; wf>0 & p_wf<0.05; boot P(<=0)<0.05
news_AUDUSD_1.0_2_HM,news AUDUSD thr=1.0 h=2 tier=HM,1481,-0.0009057643291763949,-2.849193635605162,-2.6447240092619566,-0.0008265800955797428,0.99000999000999,0.0007372607563178583,1.848315235458929,1.4606778246941523,0.5120689655172413,0.016983016983016984,-2.9989567957964635e-06,-0.04033571502504866,0.1,10,0.45254745254745254,-0.00010571271444558572,-2.9989567957964635e-06,9.671584405819631e-05,0.6362,0.0,1,FAIL,p_is<0.01; ho NW t>2 & p<0.05; wf>0 & p_wf<0.05; boot P(<=0)<0.05; trimmed wf>0
overfade_USDJPY_HM,over-fade USDJPY tier=HM,241,0.0007483982530783818,1.5808873949596,1.8473309471232944,0.0007433244408316013,0.04595404595404595,-0.00045725361234794863,-0.6241170769423053,-0.5257556041855926,0.47474747474747475,0.7052947052947053,5.10183575440145e-05,,,9,0.5094905094905094,-0.0005451909232580211,8.285563503851104e-05,0.0005463089253483474,0.4108,0.00022408875999927632,1,FAIL,|t_is|>2; p_is<0.01; ho NW t>2 & p<0.05; wf>0 & p_wf<0.05; boot P(<=0)<0.05
news_GBPJPY_2.0_1_HM,news GBPJPY thr=2.0 h=1 tier=HM,378,-0.000735850295866955,-1.6440490556241942,-1.5200265057474909,-0.0008283275958123059,0.935064935064935,0.0007239225434851058,1.5713253811117516,1.3319766853900294,0.5285714285714286,0.04695304695304695,6.0343757847610575e-05,,,9,0.5264735264735265,-0.0006942020116679471,7.447630080319531e-05,0.0007652380784129586,0.4202,0.00022092478185586488,1,FAIL,|t_is|>2; p_is<0.01; ho NW t>2 & p<0.05; wf>0 & p_wf<0.05; boot P(<=0)<0.05
basket_1.5_5_H,basket thr=1.5 h=5 tier=H,130,-4.0571292531283914e-05,-0.03259489988947392,-0.024457705933130614,4.581535202308608e-06,0.33766233766233766,0.0010048862506256788,0.7563295768900422,0.7633499210130611,0.5,0.000999000999000999,-3.258126019805568e-05,,,6,0.5264735264735265,-0.0006443738426089727,-3.258126019805568e-05,0.0005466300620148056,0.5134,7.990629151459327e-05,1,FAIL,|t_is|>2; p_is<0.01; ho NW t>2 & p<0.05; wf>0 & p_wf<0.05; boot P(<=0)<0.05
title_Initial_Jobless_Claims,title Initial Jobless Claims,2575,-0.0003664684797358748,-2.5404869972920894,-2.8534356059645027,-0.0004121752881212656,0.967032967032967,-0.0004203397724136521,-2.3516902533217396,-2.4400563375192257,0.45493562231759654,0.968031968031968,0.0,0.0,0.0,10,0.5264735264735265,0.0,0.0,0.0,1.0,0.0,1,FAIL,p_is<0.01; ho NW t>2 & p<0.05; wf>0 & p_wf<0.05; boot P(<=0)<0.05; trimmed wf>0
news_AUDUSD_0.5_2_HM,news AUDUSD thr=0.5 h=2 tier=HM,2855,-0.000543711075387071,-2.4065692715485127,-2.3600239284662035,-0.00045034783475522054,0.958041958041958,0.00043865495506392645,1.6960678196813743,1.3335672074147358,0.51,0.014985014985014986,-2.629657299124058e-05,-0.22214243495210434,0.1,10,0.5674325674325674,-0.0002013582720796075,-2.8826992818990653e-05,0.0001689278620479851,0.6266,-5.4911111392936585e-05,1,FAIL,p_is<0.01; ho NW t>2 & p<0.05; wf>0 & p_wf<0.05; boot P(<=0)<0.05; trimmed wf>0
news_GBPUSD_0.5_2_H,news GBPUSD thr=0.5 h=2 tier=H,544,-0.000822801890580909,-1.289613555022229,-1.2455231985847919,-0.0006625411790059859,0.8651348651348651,0.0008865689217731962,2.155319733099293,1.6517530652766057,0.5457227138643068,0.008991008991008992,-5.2984542862473506e-05,,,9,0.6103896103896104,-0.0005703605519062543,-5.2984542862473506e-05,0.00041579612144773264,0.5666,2.496065663114113e-05,1,FAIL,|t_is|>2; p_is<0.01; ho NW t>2 & p<0.05; wf>0 & p_wf<0.05; boot P(<=0)<0.05
news_EURJPY_1.0_2_H,news EURJPY thr=1.0 h=2 tier=H,281,0.00022787169247770264,0.39570413903929597,0.4121121524428553,7.778709588614544e-05,0.2907092907092907,-0.0008698745239953498,-1.2593013009226237,-1.271953581003765,0.4897959183673469,0.8881118881118881,-2.8615207148182467e-05,,,8,0.6533466533466533,-0.00035206893067134867,-2.861520714818246e-05,0.0002662233092268013,0.5336,5.497930187444325e-05,1,FAIL,|t_is|>2; p_is<0.01; ho NW t>2 & p<0.05; wf>0 & p_wf<0.05; boot P(<=0)<0.05
news_AUDJPY_1.0_3_HM,news AUDJPY thr=1.0 h=3 tier=HM,1481,-0.0008135419408984899,-2.039109087463597,-1.8586067537167947,-0.0008245845056601035,0.974025974025974,-0.0009799760744661971,-2.1163840787863655,-1.743332147239624,0.4706896551724138,0.974025974025974,0.0,0.0,0.0,10,0.6713286713286714,0.0,0.0,0.0,1.0,0.0,1,FAIL,p_is<0.01; ho NW t>2 & p<0.05; wf>0 & p_wf<0.05; boot P(<=0)<0.05; trimmed wf>0
news_USDCAD_2.0_3_HM,news USDCAD thr=2.0 h=3 tier=HM,378,-0.0010769905704274489,-2.0192708320441755,-1.999395238355452,-0.0012566197222965312,0.975024975024975,9.984063131415485e-05,0.19458791937333267,0.17353631790724208,0.5357142857142857,0.35364635364635366,-7.10506741031796e-05,,,9,0.6763236763236763,-0.00021315202230953883,-7.10506741031796e-05,0.0,1.0,0.0,1,FAIL,p_is<0.01; ho NW t>2 & p<0.05; wf>0 & p_wf<0.05; boot P(<=0)<0.05; trimmed wf>0
news_AUDJPY_1.0_2_HM,news AUDJPY thr=1.0 h=2 tier=HM,1481,-0.0008650831661391119,-2.617488191670846,-2.2806714616272297,-0.0009821975781664357,0.985014985014985,-0.0001366552196837456,-0.34696337671936656,-0.3244387551795514,0.4982758620689655,0.5304695304695305,0.0,0.0,0.0,10,0.6853146853146853,0.0,0.0,0.0,1.0,0.0,1,FAIL,p_is<0.01; ho NW t>2 & p<0.05; wf>0 & p_wf<0.05; boot P(<=0)<0.05; trimmed wf>0
basket_2.0_3_HM,basket thr=2.0 h=3 tier=HM,378,-0.0004880177720212422,-1.075409617665175,-1.0616543456999725,3.381251667855916e-05,1.0,0.0005391403840095268,0.827068431512524,0.7855868461026676,0.5571428571428572,0.000999000999000999,-0.00010472984197941277,,,9,0.6993006993006993,-0.0004916599116765279,-9.519066597352275e-05,0.00014808890080176832,0.6442,4.784556141019916e-05,1,FAIL,|t_is|>2; p_is<0.01; ho NW t>2 & p<0.05; wf>0 & p_wf<0.05; boot P(<=0)<0.05
news_AUDJPY_0.5_2_HM,news AUDJPY thr=0.5 h=2 tier=HM,2857,-0.0006204560711449257,-2.5961830615107475,-2.3880212931815556,-0.0007978552053375217,0.981018981018981,-0.0005807675741802717,-2.143237446688391,-1.8235732306713723,0.47333333333333333,0.958041958041958,0.0,0.0,0.0,10,0.7902097902097902,0.0,0.0,0.0,1.0,0.0,1,FAIL,p_is<0.01; ho NW t>2 & p<0.05; wf>0 & p_wf<0.05; boot P(<=0)<0.05; trimmed wf>0
news_EURUSD_1.0_3_HM,news EURUSD thr=1.0 h=3 tier=HM,1481,-0.00044161551860968186,-1.7092193764454702,-1.6953536629397374,-0.00030126996539153934,0.8801198801198801,0.00039522481467936044,1.153531991675638,0.8939906226123395,0.5275862068965518,0.07192807192807193,-6.30216709000388e-05,-0.8602942353262354,0.2,10,0.7942057942057942,-0.00020661906790702525,-6.30216709000388e-05,1.725165116397349e-05,0.6834,3.780050536692189e-07,1,FAIL,|t_is|>2; p_is<0.01; ho NW t>2 & p<0.05; wf>0 & p_wf<0.05; boot P(<=0)<0.05
news_AUDJPY_0.5_1_HM,news AUDJPY thr=0.5 h=1 tier=HM,2858,-0.0005581805248890187,-3.3741134725004756,-3.009479031186319,-0.0006307241312325252,0.998001998001998,-0.0003621672919920988,-1.7100917422335669,-1.4675431283849627,0.462947543713572,0.8761238761238761,0.0,0.0,0.0,10,0.8061938061938062,0.0,0.0,0.0,1.0,0.0,1,FAIL,p_is<0.01; ho NW t>2 & p<0.05; wf>0 & p_wf<0.05; boot P(<=0)<0.05; trimmed wf>0
news_USDCHF_1.5_2_H,news USDCHF thr=1.5 h=2 tier=H,130,-0.0004884400842955055,-0.6308422154298855,-0.5799062814477658,0.00023259018418354534,0.6833166833166833,0.0005149075096979582,0.5882445678916735,0.5278374118372156,0.5416666666666666,0.24475524475524477,-0.0003060871406329111,,,6,0.8091908091908092,-0.0010671941249982733,-0.0003060871406329111,0.00013624408388358665,0.6866,4.3577485382861616e-05,1,FAIL,|t_is|>2; p_is<0.01; ho NW t>2 & p<0.05; wf>0 & p_wf<0.05; boot P(<=0)<0.05
news_AUDJPY_1.0_2_H,news AUDJPY thr=1.0 h=2 tier=H,281,0.0002112671553413464,0.2330811025710299,0.20179349090924387,0.00013049612411293284,0.3646353646353646,-0.00036825635407690134,-0.4362629367078421,-0.43891844141488257,0.48299319727891155,0.6283716283716284,-0.0002745503336941094,,,8,0.8621378621378621,-0.0009873006882127233,-0.0002745503336941094,0.00014742911370902275,0.6824,4.373618009588345e-05,1,FAIL,|t_is|>2; p_is<0.01; ho NW t>2 & p<0.05; wf>0 & p_wf<0.05; boot P(<=0)<0.05
news_EURJPY_1.0_1_H,news EURJPY thr=1.0 h=1 tier=H,281,8.124298631609651e-05,0.18981912909359525,0.17293892436382347,-4.4221175316613354e-05,0.36063936063936064,-0.0005093033278212029,-0.8941403329163218,-0.7999017837536266,0.46938775510204084,0.7842157842157842,-0.00022814583102351781,,,8,0.8981018981018981,-0.0008376063984280149,-0.0002230339859881442,0.00012295456749707298,0.665,6.0821943431171224e-05,1,FAIL,|t_is|>2; p_is<0.01; ho NW t>2 & p<0.05; wf>0 & p_wf<0.05; boot P(<=0)<0.05
news_USDCAD_0.5_5_HM,news USDCAD thr=0.5 h=5 tier=HM,2852,-0.0001993848584414944,-0.8053236271630015,-0.7838330173133421,-6.312813223921092e-05,0.6953046953046953,0.00014579692859913656,0.6686054551351165,0.547177784310524,0.5154553049289892,0.18281718281718282,-6.554458319397659e-05,-0.3599985821791558,0.3,10,0.926073926073926,-0.00040283887802736293,-5.495895982450984e-05,0.0001681446721380896,0.6222,6.774710994215624e-05,1,FAIL,|t_is|>2; p_is<0.01; ho NW t>2 & p<0.05; wf>0 & p_wf<0.05; boot P(<=0)<0.05
news_AUDUSD_1.0_3_HM,news AUDUSD thr=1.0 h=3 tier=HM,1481,-0.0009442900501729342,-2.4087503842915194,-2.2373869408135265,-0.0008608943278977291,0.983016983016983,0.00029712344923539747,0.6650580939413583,0.5191441514382837,0.5017241379310344,0.17182817182817184,-0.0001512713584005559,-1.0000000000000002,0.0,10,0.9280719280719281,-0.0004538140752016677,-0.0001512713584005559,0.0,1.0,0.0,1,FAIL,p_is<0.01; ho NW t>2 & p<0.05; wf>0 & p_wf<0.05; boot P(<=0)<0.05; trimmed wf>0
news_EURUSD_2.0_1_H,news EURUSD thr=2.0 h=1 tier=H,65,0.0002149690595070115,0.336354395774498,0.41771441906695994,0.00024703253902204765,0.32667332667332666,0.0007745109685883158,0.8360129835880242,0.7194243415740554,0.48484848484848486,0.2017982017982018,,,,0,0.000999000999000999,,,,,,0,FAIL,|t_is|>2; p_is<0.01; ho NW t>2 & p<0.05; wf>0 & p_wf<0.05; boot P(<=0)<0.05; trimmed wf>0
news_EURUSD_2.0_2_H,news EURUSD thr=2.0 h=2 tier=H,65,-0.0017564712082066049,-1.9826976174125743,-1.942166606448742,-0.0019326066958625472,0.972027972027972,6.747203740771024e-05,0.04001219671016872,0.05064997827369843,0.48484848484848486,0.45854145854145856,,,,0,0.000999000999000999,,,,,,0,FAIL,|t_is|>2; p_is<0.01; ho NW t>2 & p<0.05; wf>0 & p_wf<0.05; boot P(<=0)<0.05; trimmed wf>0
news_EURUSD_2.0_3_H,news EURUSD thr=2.0 h=3 tier=H,65,-0.0015602018320987664,-1.5219395100651898,-1.561440381512069,-0.001403666008224117,0.939060939060939,0.00017219625720091278,0.09204229568480152,0.12204485112429858,0.6060606060606061,0.4645354645354645,,,,0,0.000999000999000999,,,,,,0,FAIL,|t_is|>2; p_is<0.01; ho NW t>2 & p<0.05; wf>0 & p_wf<0.05; boot P(<=0)<0.05; trimmed wf>0
news_EURUSD_2.0_5_H,news EURUSD thr=2.0 h=5 tier=H,65,0.0009560959142876518,0.5371397554995974,0.5735109584261568,0.0006569317414473192,0.28471528471528473,0.0009434819145622033,0.4041969422560138,0.714518373605365,0.5757575757575758,0.3516483516483517,,,,0,0.000999000999000999,,,,,,0,FAIL,|t_is|>2; p_is<0.01; ho NW t>2 & p<0.05; wf>0 & p_wf<0.05; boot P(<=0)<0.05; trimmed wf>0
news_USDJPY_2.0_1_H,news USDJPY thr=2.0 h=1 tier=H,65,0.0008011438315062771,0.8381682627366855,1.5546574150880978,0.0008969572884390376,0.17482517482517482,0.002067598131605529,1.8042020019245177,1.7128609517446296,0.5454545454545454,0.030969030969030968,,,,0,0.000999000999000999,,,,,,0,FAIL,|t_is|>2; p_is<0.01; ho NW t>2 & p<0.05; wf>0 & p_wf<0.05; boot P(<=0)<0.05; trimmed wf>0
news_USDJPY_2.0_2_H,news USDJPY thr=2.0 h=2 tier=H,65,-0.00021040767678738646,-0.20598168971444333,-0.28881080941810106,-1.9761179381234126e-05,0.5564435564435565,0.0017355647209406988,0.9705729372766789,0.8472269634100453,0.5454545454545454,0.17682317682317683,,,,0,0.000999000999000999,,,,,,0,FAIL,|t_is|>2; p_is<0.01; ho NW t>2 & p<0.05; wf>0 & p_wf<0.05; boot P(<=0)<0.05; trimmed wf>0
news_USDJPY_2.0_3_H,news USDJPY thr=2.0 h=3 tier=H,65,-2.9550353531336354e-05,-0.025506725053427652,-0.035474488586875685,7.370139647825666e-05,0.46553446553446554,0.002920391891546518,1.5691875753310496,1.8650947239490088,0.6363636363636364,0.06793206793206794,,,,0,0.000999000999000999,,,,,,0,FAIL,|t_is|>2; p_is<0.01; ho NW t>2 & p<0.05; wf>0 & p_wf<0.05; boot P(<=0)<0.05; trimmed wf>0
news_GBPUSD_2.0_1_H,news GBPUSD thr=2.0 h=1 tier=H,65,-0.001210261886526079,-1.2500895075650371,-1.2629428126210511,-0.002285756405240092,0.8781218781218781,0.0019718252672606485,1.4523167152373868,1.2748257531555953,0.6060606060606061,0.06593406593406594,,,,0,0.000999000999000999,,,,,,0,FAIL,|t_is|>2; p_is<0.01; ho NW t>2 & p<0.05; wf>0 & p_wf<0.05; boot P(<=0)<0.05; trimmed wf>0
news_GBPUSD_2.0_2_H,news GBPUSD thr=2.0 h=2 tier=H,65,-0.0016774260699779983,-1.0651687354857757,-1.2567088244730387,-0.0024263429065062452,0.8421578421578422,0.0010707874565667264,0.5735801756240994,0.834148140271459,0.5757575757575758,0.2807192807192807,,,,0,0.000999000999000999,,,,,,0,FAIL,|t_is|>2; p_is<0.01; ho NW t>2 & p<0.05; wf>0 & p_wf<0.05; boot P(<=0)<0.05; trimmed wf>0
news_GBPUSD_2.0_3_H,news GBPUSD thr=2.0 h=3 tier=H,65,-0.0020593256868794776,-1.195052447207544,-1.168614125245369,-0.0033543269124563027,0.8701298701298701,0.0009627258153463322,0.48655733543840046,0.7969862048213505,0.6363636363636364,0.3036963036963037,,,,0,0.000999000999000999,,,,,,0,FAIL,|t_is|>2; p_is<0.01; ho NW t>2 & p<0.05; wf>0 & p_wf<0.05; boot P(<=0)<0.05; trimmed wf>0
news_GBPUSD_2.0_5_H,news GBPUSD thr=2.0 h=5 tier=H,65,-0.0003312321866103911,-0.14740977273294545,-0.11696410584680368,-0.0024948055485743787,0.5234765234765235,0.001039736083416407,0.39878237740488576,0.6633339191320698,0.5757575757575758,0.36563436563436563,,,,0,0.000999000999000999,,,,,,0,FAIL,|t_is|>2; p_is<0.01; ho NW t>2 & p<0.05; wf>0 & p_wf<0.05; boot P(<=0)<0.05; trimmed wf>0
news_AUDUSD_2.0_1_H,news AUDUSD thr=2.0 h=1 tier=H,65,-0.0014255469735812583,-1.2448322842903654,-1.2345659222052159,-0.0021113923987025164,0.8451548451548452,0.002086050977755955,1.6441310072021325,1.2422587937540666,0.6666666666666666,0.058941058941058944,,,,0,0.000999000999000999,,,,,,0,FAIL,|t_is|>2; p_is<0.01; ho NW t>2 & p<0.05; wf>0 & p_wf<0.05; boot P(<=0)<0.05; trimmed wf>0
news_AUDUSD_2.0_2_H,news AUDUSD thr=2.0 h=2 tier=H,65,-0.0015081962956546482,-1.1800945390411406,-1.2093071044450774,-0.0033210476009354205,0.8521478521478522,0.002287471864497313,1.1995817213414233,1.93952122250796,0.6363636363636364,0.1068931068931069,,,,0,0.000999000999000999,,,,,,0,FAIL,|t_is|>2; p_is<0.01; ho NW t>2 & p<0.05; wf>0 & p_wf<0.05; boot P(<=0)<0.05; trimmed wf>0
news_AUDUSD_2.0_3_H,news AUDUSD thr=2.0 h=3 tier=H,65,-0.0021023645784040337,-1.4258354412328023,-1.1296877510959156,-0.0035975202977981823,0.9070929070929071,0.0020688140918251803,1.0707241127098972,1.8315010928970468,0.6060606060606061,0.13586413586413587,,,,0,0.000999000999000999,,,,,,0,FAIL,|t_is|>2; p_is<0.01; ho NW t>2 & p<0.05; wf>0 & p_wf<0.05; boot P(<=0)<0.05; trimmed wf>0
news_AUDUSD_2.0_5_H,news AUDUSD thr=2.0 h=5 tier=H,65,0.0019463967942495984,0.8483094839205676,0.6561652037180131,-0.0017814807949327375,0.16883116883116883,0.0020146139020449333,0.6927975383223908,1.2212662346876098,0.6060606060606061,0.22677322677322678,,,,0,0.000999000999000999,,,,,,0,FAIL,|t_is|>2; p_is<0.01; ho NW t>2 & p<0.05; wf>0 & p_wf<0.05; boot P(<=0)<0.05; trimmed wf>0
news_USDCAD_2.0_1_H,news USDCAD thr=2.0 h=1 tier=H,65,-0.0011373500877152679,-1.2059013867543693,-1.0072837874933562,-0.002170029902233542,0.8851148851148851,0.0010323274402582753,1.4044296222505184,1.3572218052830927,0.6363636363636364,0.06593406593406594,,,,0,0.000999000999000999,,,,,,0,FAIL,|t_is|>2; p_is<0.01; ho NW t>2 & p<0.05; wf>0 & p_wf<0.05; boot P(<=0)<0.05; trimmed wf>0
news_USDCAD_2.0_2_H,news USDCAD thr=2.0 h=2 tier=H,65,-0.0006855013126243828,-0.6227444532479236,-0.5499652332223821,-0.002383257017764834,0.7182817182817183,0.0002999654655108044,0.27223634449581613,0.45335348263362685,0.45454545454545453,0.3786213786213786,,,,0,0.000999000999000999,,,,,,0,FAIL,|t_is|>2; p_is<0.01; ho NW t>2 & p<0.05; wf>0 & p_wf<0.05; boot P(<=0)<0.05; trimmed wf>0
news_USDCAD_2.0_3_H,news USDCAD thr=2.0 h=3 tier=H,65,-0.0009658675669915875,-0.7285425874708822,-0.6577119517513078,-0.0017037600859085736,0.7292707292707292,0.0005100333475651791,0.4863567138234969,0.7187721619763275,0.5454545454545454,0.2757242757242757,,,,0,0.000999000999000999,,,,,,0,FAIL,|t_is|>2; p_is<0.01; ho NW t>2 & p<0.05; wf>0 & p_wf<0.05; boot P(<=0)<0.05; trimmed wf>0
news_USDCAD_2.0_5_H,news USDCAD thr=2.0 h=5 tier=H,65,0.0013984831194003185,0.7148131760849519,0.5908422724396653,0.0003043163039906789,0.24575424575424576,0.0003446408296709566,0.21893270739797258,0.2638388225356311,0.48484848484848486,0.3906093906093906,,,,0,0.000999000999000999,,,,,,0,FAIL,|t_is|>2; p_is<0.01; ho NW t>2 & p<0.05; wf>0 & p_wf<0.05; boot P(<=0)<0.05; trimmed wf>0
news_USDCHF_2.0_1_H,news USDCHF thr=2.0 h=1 tier=H,65,-3.699353688002162e-05,-0.05666423488546874,-0.08281908384712124,0.0003081796515550148,0.45254745254745254,0.0015178807611094158,1.735870236720957,1.3832229408692187,0.5454545454545454,0.03696303696303696,,,,0,0.000999000999000999,,,,,,0,FAIL,|t_is|>2; p_is<0.01; ho NW t>2 & p<0.05; wf>0 & p_wf<0.05; boot P(<=0)<0.05; trimmed wf>0
news_USDCHF_2.0_2_H,news USDCHF thr=2.0 h=2 tier=H,65,-0.0012012172628433934,-1.2798877249568037,-1.2100107710807788,-0.0009973572892047879,0.8721278721278721,0.0006078206468160513,0.3798365469061824,0.4266990633477525,0.45454545454545453,0.3786213786213786,,,,0,0.000999000999000999,,,,,,0,FAIL,|t_is|>2; p_is<0.01; ho NW t>2 & p<0.05; wf>0 & p_wf<0.05; boot P(<=0)<0.05; trimmed wf>0
news_USDCHF_2.0_3_H,news USDCHF thr=2.0 h=3 tier=H,65,-0.0009847593120414215,-0.9922654730172474,-1.0135709248587708,-0.0008983261730448546,0.8201798201798202,0.0015489417699599832,0.8581417166323215,1.4520254438323996,0.5454545454545454,0.2077922077922078,,,,0,0.000999000999000999,,,,,,0,FAIL,|t_is|>2; p_is<0.01; ho NW t>2 & p<0.05; wf>0 & p_wf<0.05; boot P(<=0)<0.05; trimmed wf>0
news_USDCHF_2.0_5_H,news USDCHF thr=2.0 h=5 tier=H,65,0.0026772271956223975,1.5753674134712157,1.5068536976870064,0.0008883860216018348,0.059940059940059943,0.0018044766619233533,0.9129773430070157,1.698332863318929,0.5757575757575758,0.18181818181818182,,,,0,0.000999000999000999,,,,,,0,FAIL,|t_is|>2; p_is<0.01; ho NW t>2 & p<0.05; wf>0 & p_wf<0.05; boot P(<=0)<0.05; trimmed wf>0
news_NZDUSD_2.0_1_H,news NZDUSD thr=2.0 h=1 tier=H,65,-0.001452758261071694,-1.0982861200517031,-1.2014623845145218,-0.001257404004355804,0.8311688311688312,0.0021748064867210455,1.8374412221558518,1.327155728654921,0.696969696969697,0.01898101898101898,,,,0,0.000999000999000999,,,,,,0,FAIL,|t_is|>2; p_is<0.01; ho NW t>2 & p<0.05; wf>0 & p_wf<0.05; boot P(<=0)<0.05; trimmed wf>0
news_NZDUSD_2.0_2_H,news NZDUSD thr=2.0 h=2 tier=H,65,-0.002156398613390769,-1.521451122333224,-1.8452630156836423,-0.0033212858821078006,0.9080919080919081,0.0022462851245243724,1.2343107126351835,2.055137887365076,0.5151515151515151,0.1048951048951049,,,,0,0.000999000999000999,,,,,,0,FAIL,|t_is|>2; p_is<0.01; ho NW t>2 & p<0.05; wf>0 & p_wf<0.05; boot P(<=0)<0.05; trimmed wf>0
news_NZDUSD_2.0_3_H,news NZDUSD thr=2.0 h=3 tier=H,65,-0.002315835862451286,-1.4559903442984117,-1.6462485424979227,-0.002985680614790196,0.8971028971028971,0.002235935426822528,1.2238020918447212,2.5057428210167356,0.6666666666666666,0.11688311688311688,,,,0,0.000999000999000999,,,,,,0,FAIL,|t_is|>2; p_is<0.01; ho NW t>2 & p<0.05; wf>0 & p_wf<0.05; boot P(<=0)<0.05; trimmed wf>0
news_NZDUSD_2.0_5_H,news NZDUSD thr=2.0 h=5 tier=H,65,0.0007444447544042408,0.35379917269755085,0.28713509361459916,-0.0009699691478118051,0.33466533466533466,0.002791781256675527,1.104832846952088,2.133348094444718,0.6666666666666666,0.1258741258741259,,,,0,0.000999000999000999,,,,,,0,FAIL,|t_is|>2; p_is<0.01; ho NW t>2 & p<0.05; wf>0 & p_wf<0.05; boot P(<=0)<0.05; trimmed wf>0
news_EURJPY_2.0_1_H,news EURJPY thr=2.0 h=1 tier=H,65,-0.0006654364356260175,-0.950435689463481,-1.0779219857962894,-0.00032371801992487476,0.8041958041958042,-0.0014064511207690388,-1.9676187219754366,-1.6048473321079508,0.3333333333333333,0.972027972027972,,,,0,0.000999000999000999,,,,,,0,FAIL,|t_is|>2; p_is<0.01; ho NW t>2 & p<0.05; wf>0 & p_wf<0.05; boot P(<=0)<0.05; trimmed wf>0
news_EURJPY_2.0_2_H,news EURJPY thr=2.0 h=2 tier=H,65,-0.0016096563784748403,-1.8952110977048848,-2.2766644533291767,-0.0012727535480336653,0.961038961038961,-0.0017904623786424974,-1.2783332838442265,-0.8592403629691663,0.36363636363636365,0.8991008991008991,,,,0,0.000999000999000999,,,,,,0,FAIL,|t_is|>2; p_is<0.01; ho NW t>2 & p<0.05; wf>0 & p_wf<0.05; boot P(<=0)<0.05; trimmed wf>0
news_EURJPY_2.0_3_H,news EURJPY thr=2.0 h=3 tier=H,65,-0.0015931878090948055,-1.3020487577971491,-1.9715717993673285,-0.00046726140956434274,0.8871128871128872,-0.002869395805207828,-1.9130833938630825,-1.2187124067481305,0.3939393939393939,0.968031968031968,,,,0,0.000999000999000999,,,,,,0,FAIL,|t_is|>2; p_is<0.01; ho NW t>2 & p<0.05; wf>0 & p_wf<0.05; boot P(<=0)<0.05; trimmed wf>0
news_EURJPY_2.0_5_H,news EURJPY thr=2.0 h=5 tier=H,65,0.0011337258845346755,0.6923606237373178,0.9279849845982667,0.0014813272432958903,0.21178821178821178,-0.004731337412737182,-2.5592460764833773,-2.2835860411101363,0.3333333333333333,0.993006993006993,,,,0,0.000999000999000999,,,,,,0,FAIL,|t_is|>2; p_is<0.01; ho NW t>2 & p<0.05; wf>0 & p_wf<0.05; boot P(<=0)<0.05; trimmed wf>0
news_GBPJPY_2.0_1_H,news GBPJPY thr=2.0 h=1 tier=H,65,-0.0020705002505404793,-1.9608753686897509,-1.7868613091851362,-0.001748829521169654,0.97002997002997,-0.00021586270626970268,-0.25547843423497324,-0.24334846191311604,0.42424242424242425,0.5994005994005994,,,,0,0.000999000999000999,,,,,,0,FAIL,|t_is|>2; p_is<0.01; ho NW t>2 & p<0.05; wf>0 & p_wf<0.05; boot P(<=0)<0.05; trimmed wf>0
news_GBPJPY_2.0_2_H,news GBPJPY thr=2.0 h=2 tier=H,65,-0.0015529329582119778,-1.0865266368574968,-1.443694432016537,-0.0015387254896912686,0.8631368631368631,-0.0006691294884847256,-0.4679273562655528,-0.37641189373729766,0.36363636363636365,0.6643356643356644,,,,0,0.000999000999000999,,,,,,0,FAIL,|t_is|>2; p_is<0.01; ho NW t>2 & p<0.05; wf>0 & p_wf<0.05; boot P(<=0)<0.05; trimmed wf>0
news_GBPJPY_2.0_3_H,news GBPJPY thr=2.0 h=3 tier=H,65,-0.0021255914971480988,-1.1412232550205372,-1.3953510443664088,-0.001312120258844532,0.8701298701298701,-0.00208548364884537,-1.2247716665804298,-0.9652384053183908,0.3939393939393939,0.8881118881118881,,,,0,0.000999000999000999,,,,,,0,FAIL,|t_is|>2; p_is<0.01; ho NW t>2 & p<0.05; wf>0 & p_wf<0.05; boot P(<=0)<0.05; trimmed wf>0
news_GBPJPY_2.0_5_H,news GBPJPY thr=2.0 h=5 tier=H,65,-0.00019703121956709635,-0.0816596055414152,-0.09059057319837117,-0.0016989761313796726,0.5074925074925075,-0.00461097290057607,-2.1131030771304546,-2.060699878593449,0.3333333333333333,0.975024975024975,,,,0,0.000999000999000999,,,,,,0,FAIL,|t_is|>2; p_is<0.01; ho NW t>2 & p<0.05; wf>0 & p_wf<0.05; boot P(<=0)<0.05; trimmed wf>0
news_AUDJPY_2.0_1_H,news AUDJPY thr=2.0 h=1 tier=H,65,-0.002230798369029872,-1.546957220786748,-1.5828871454800082,-0.002208482251863909,0.9270729270729271,-7.018100361015972e-05,-0.0759421560484172,-0.08629623702888692,0.6060606060606061,0.4725274725274725,,,,0,0.000999000999000999,,,,,,0,FAIL,|t_is|>2; p_is<0.01; ho NW t>2 & p<0.05; wf>0 & p_wf<0.05; boot P(<=0)<0.05; trimmed wf>0
news_AUDJPY_2.0_2_H,news AUDJPY thr=2.0 h=2 tier=H,65,-0.0013054011337566775,-0.9001032497624432,-1.2515666427301797,-0.0011613253238395229,0.7792207792207793,0.00040515059114748573,0.2888055745707815,0.2564007724143699,0.5151515151515151,0.3546453546453546,,,,0,0.000999000999000999,,,,,,0,FAIL,|t_is|>2; p_is<0.01; ho NW t>2 & p<0.05; wf>0 & p_wf<0.05; boot P(<=0)<0.05; trimmed wf>0
news_AUDJPY_2.0_3_H,news AUDJPY thr=2.0 h=3 tier=H,65,-0.0020155683142863215,-1.0693149920692524,-1.2724743489411352,-0.0017717367032941992,0.8291708291708292,-0.0010194482374383817,-0.6150935499948067,-0.5158657828640832,0.45454545454545453,0.7072927072927073,,,,0,0.000999000999000999,,,,,,0,FAIL,|t_is|>2; p_is<0.01; ho NW t>2 & p<0.05; wf>0 & p_wf<0.05; boot P(<=0)<0.05; trimmed wf>0
news_AUDJPY_2.0_5_H,news AUDJPY thr=2.0 h=5 tier=H,65,0.002102968550784772,0.9387899459107142,0.8383437522893528,-0.00033503964141469585,0.15184815184815184,-0.0036431384660748347,-1.5309428700731613,-1.4108453226095166,0.36363636363636365,0.935064935064935,,,,0,0.000999000999000999,,,,,,0,FAIL,|t_is|>2; p_is<0.01; ho NW t>2 & p<0.05; wf>0 & p_wf<0.05; boot P(<=0)<0.05; trimmed wf>0
basket_2.0_1_H,basket thr=2.0 h=1 tier=H,65,-0.0005514092113618632,-0.7894440188151036,-0.8273483403443672,-0.000882196655583704,1.0,0.0015864625570937447,1.594683989181967,1.3414454016464767,0.5757575757575758,0.000999000999000999,,,,0,0.000999000999000999,,,,,,0,FAIL,|t_is|>2; p_is<0.01; ho NW t>2 & p<0.05; wf>0 & p_wf<0.05; boot P(<=0)<0.05; trimmed wf>0
basket_2.0_2_H,basket thr=2.0 h=2 tier=H,65,-0.0011676005126502037,-1.2463786861709083,-1.2865573955887877,-0.0015549790451028337,1.0,0.0010922523089846503,0.723359305040631,0.984021984708856,0.5454545454545454,0.000999000999000999,,,,0,0.000999000999000999,,,,,,0,FAIL,|t_is|>2; p_is<0.01; ho NW t>2 & p<0.05; wf>0 & p_wf<0.05; boot P(<=0)<0.05; trimmed wf>0
basket_2.0_3_H,basket thr=2.0 h=3 tier=H,65,-0.00134346200358104,-1.310395740328678,-1.1167282491447788,-0.0016899571868812051,1.0,0.0013268322806968243,0.8530522057231309,1.57242775123454,0.6666666666666666,0.000999000999000999,,,,0,0.000999000999000999,,,,,,0,FAIL,|t_is|>2; p_is<0.01; ho NW t>2 & p<0.05; wf>0 & p_wf<0.05; boot P(<=0)<0.05; trimmed wf>0
news_AUDUSD_0.5_3_HM,news AUDUSD thr=0.5 h=3 tier=HM,2855,-0.000536429645372634,-1.9357673479073825,-1.986267327437367,-0.0005480021209133068,0.9050949050949051,0.00027305393418740635,0.9156071910327399,0.7463831620547107,0.5058333333333334,0.08591408591408592,0.00013079053918988004,0.8846643387632331,0.1,10,0.052947052947052944,-2.939100413929942e-05,0.00013079053918988004,0.00042176262170893954,0.3498,0.0,0,FAIL,|t_is|>2; p_is<0.01; ho NW t>2 & p<0.05; wf>0 & p_wf<0.05; boot P(<=0)<0.05; trimmed wf>0
news_NZDUSD_1.0_3_H,news NZDUSD thr=1.0 h=3 tier=H,281,-0.0015554267023061325,-1.5110536953856444,-1.658774829461342,-0.001967053877018596,0.8991008991008991,0.0015205597920177993,1.5662552155385863,1.2941077686912188,0.5714285714285714,0.05094905094905095,0.00035280230662545977,,,8,0.08691308691308691,-0.0001502962739940883,0.00035280230662545977,0.0012087031938704676,0.3468,0.0,0,FAIL,|t_is|>2; p_is<0.01; ho NW t>2 & p<0.05; wf>0 & p_wf<0.05; boot P(<=0)<0.05; trimmed wf>0
title_GDP_Growth_Rate_QoQ_Adv,title GDP Growth Rate QoQ Adv,130,0.0005363461413066024,0.5467934269591013,0.6786755033084007,0.0005363461413066024,0.2787212787212787,0.001025288936417411,1.787245950599745,1.8812473057825043,0.6105263157894737,0.03496503496503497,0.0004869313135122352,,,5,0.0899100899100899,-0.00037641075707388544,0.0004835058203896899,0.0018982013659327845,0.329,-7.910041300486247e-05,0,FAIL,|t_is|>2; p_is<0.01; ho NW t>2 & p<0.05; wf>0 & p_wf<0.05; boot P(<=0)<0.05; trimmed wf>0
news_NZDUSD_0.5_2_HM,news NZDUSD thr=0.5 h=2 tier=HM,2855,-0.0004437610690387595,-1.9959420554752376,-1.9597300709709597,-0.0004128143205694082,0.9070929070929071,0.0005689502230837364,2.125484345858826,1.684518326278226,0.5091666666666667,0.002997002997002997,6.870599410807905e-05,0.5063253387756509,0.2,10,0.11188811188811189,-0.00010343757881814387,6.0522484120665676e-05,0.0003298703750270742,0.3456,-2.5938091058743677e-05,0,FAIL,|t_is|>2; p_is<0.01; ho NW t>2 & p<0.05; wf>0 & p_wf<0.05; boot P(<=0)<0.05; trimmed wf>0
news_NZDUSD_1.5_3_H,news NZDUSD thr=1.5 h=3 tier=H,130,-0.0009299287012221753,-0.5850985750934559,-0.5231108831655809,-9.26287736168201e-06,0.6883116883116883,0.0013655488606124744,1.0271473175413401,0.8456421323890707,0.5138888888888888,0.15084915084915085,0.0002957243870824271,,,6,0.1978021978021978,0.0,0.0002957243870824271,0.0008871731612472814,0.3326,0.0,0,FAIL,|t_is|>2; p_is<0.01; ho NW t>2 & p<0.05; wf>0 & p_wf<0.05; boot P(<=0)<0.05; trimmed wf>0
news_USDJPY_1.5_2_H,news USDJPY thr=1.5 h=2 tier=H,130,8.780599226837769e-07,0.0009532895963904305,0.0008172545802097074,-0.0004452051888731398,0.47052947052947053,0.001508391709716287,1.3619541462574312,1.5263499015234383,0.5416666666666666,0.09490509490509491,0.00031691648929912394,,,6,0.26873126873126874,-0.0005576374522258901,0.00029896239751468014,0.0014482266237806085,0.3332,-0.00013470092678005712,0,FAIL,|t_is|>2; p_is<0.01; ho NW t>2 & p<0.05; wf>0 & p_wf<0.05; boot P(<=0)<0.05; trimmed wf>0
news_AUDUSD_1.5_3_H,news AUDUSD thr=1.5 h=3 tier=H,130,-0.0018679869027774607,-1.259865854741481,-1.1323101268751468,-0.001037513176584734,0.8671328671328671,0.0012208472946531271,0.9566436908315503,0.8856054277098736,0.5138888888888888,0.13886113886113885,9.353517068905595e-05,,,6,0.3026973026973027,-0.00031928247341413504,9.353517068905595e-05,0.0005998879854813029,0.44,0.0,0,FAIL,|t_is|>2; p_is<0.01; ho NW t>2 & p<0.05; wf>0 & p_wf<0.05; boot P(<=0)<0.05; trimmed wf>0
news_EURUSD_1.5_3_H,news EURUSD thr=1.5 h=3 tier=H,130,-0.0018802276891168714,-1.6479614325618763,-1.3048094268307056,-0.0004998393101740819,0.9410589410589411,2.468175291421238e-05,0.023372335590324,0.02067933918962715,0.5416666666666666,0.47052947052947053,0.00011097699828613895,,,6,0.3196803196803197,0.0,0.00011097699828613895,0.0003329309948584168,0.3326,0.0,0,FAIL,|t_is|>2; p_is<0.01; ho NW t>2 & p<0.05; wf>0 & p_wf<0.05; boot P(<=0)<0.05; trimmed wf>0
news_EURUSD_1.5_2_H,news EURUSD thr=1.5 h=2 tier=H,130,-0.0013098856549446035,-1.6928927708252406,-1.4612591809667603,-0.0011291140869611556,0.939060939060939,0.00012066837941440056,0.13129634043467084,0.11488261491435922,0.4583333333333333,0.4045954045954046,5.02379981364416e-05,,,6,0.32167832167832167,0.0,5.02379981364416e-05,0.00015071399440932481,0.3326,0.0,0,FAIL,|t_is|>2; p_is<0.01; ho NW t>2 & p<0.05; wf>0 & p_wf<0.05; boot P(<=0)<0.05; trimmed wf>0
news_USDCAD_1.0_2_HM,news USDCAD thr=1.0 h=2 tier=HM,1481,-0.00017780964749829613,-0.8081916257932356,-0.7515649219474433,-0.00021086751978675812,0.6923076923076923,0.0003015432027140787,1.309583293460084,1.0264980394805263,0.4982758620689655,0.04695304695304695,4.403280474130298e-05,0.3790197028094922,0.1,10,0.33766233766233766,-0.00011373610861729743,4.237355512236244e-05,0.000250812271698028,0.3946,-2.5034217307080894e-05,0,FAIL,|t_is|>2; p_is<0.01; ho NW t>2 & p<0.05; wf>0 & p_wf<0.05; boot P(<=0)<0.05; trimmed wf>0
news_AUDJPY_1.5_1_HM,news AUDJPY thr=1.5 h=1 tier=HM,711,-0.0002074718905058316,-0.5990127773879425,-0.5899172024344201,-0.0001677483582614963,0.6243756243756243,0.0001652890699733403,0.41849529370313576,0.38465308551967287,0.48398576512455516,0.23776223776223776,0.00016312083501853467,,,9,0.34665334665334663,-4.6269036259311844e-05,0.00016312083501853467,0.0005356315413149159,0.3454,0.0,0,FAIL,|t_is|>2; p_is<0.01; ho NW t>2 & p<0.05; wf>0 & p_wf<0.05; boot P(<=0)<0.05; trimmed wf>0
news_USDCHF_1.5_2_HM,news USDCHF thr=1.5 h=2 tier=HM,711,-0.00010336450041363373,-0.3627547630546504,-0.3321092401439444,5.197893714406516e-05,0.47352647352647353,0.0008655906878585494,1.7948395362539427,1.4078237183685405,0.5231316725978647,0.015984015984015984,-1.0827250370033349e-06,,,9,0.42657342657342656,-0.00029444450783911477,-1.0827250370033349e-06,0.0002934963460629014,0.5078,-3.095756745933e-05,0,FAIL,|t_is|>2; p_is<0.01; ho NW t>2 & p<0.05; wf>0 & p_wf<0.05; boot P(<=0)<0.05; trimmed wf>0
news_EURUSD_2.0_2_HM,news EURUSD thr=2.0 h=2 tier=HM,378,-0.00018185208541132196,-0.4471498133365265,-0.43274260343325405,-0.00020519692484599118,0.5714285714285714,0.0005605648919480576,0.8522212393451221,0.8455646919554826,0.5214285714285715,0.17382617382617382,6.773912333635559e-06,,,9,0.4595404595404595,-0.00024766838616778534,0.0,0.0002693513324079399,0.505,-2.0169281591263717e-05,0,FAIL,|t_is|>2; p_is<0.01; ho NW t>2 & p<0.05; wf>0 & p_wf<0.05; boot P(<=0)<0.05; trimmed wf>0
news_AUDUSD_2.0_3_HM,news AUDUSD thr=2.0 h=3 tier=HM,378,-0.0010388806998178118,-1.3519627452591936,-1.263510311971983,-0.00023108797646006004,0.8931068931068931,-4.6114746211235834e-05,-0.053313419983867884,-0.04706057418987235,0.5071428571428571,0.43756243756243757,0.0,,,9,0.46353646353646355,0.0,0.0,0.0,1.0,0.0,0,FAIL,|t_is|>2; p_is<0.01; ho NW t>2 & p<0.05; wf>0 & p_wf<0.05; boot P(<=0)<0.05; trimmed wf>0
overfade_USDCAD_HM,over-fade USDCAD tier=HM,225,-0.0008474650318157129,-1.6925241489320517,-2.069719167006984,-0.0008032428855878633,0.9430569430569431,-0.00048210374868418274,-1.3179834728241582,-1.6252076894826244,0.41509433962264153,0.8641358641358642,0.0,,,8,0.5044955044955045,0.0,0.0,0.0,1.0,0.0,0,FAIL,|t_is|>2; p_is<0.01; ho NW t>2 & p<0.05; wf>0 & p_wf<0.05; boot P(<=0)<0.05; trimmed wf>0
news_AUDJPY_1.0_3_H,news AUDJPY thr=1.0 h=3 tier=H,281,0.0005839375140781109,0.5947737062618551,0.4774003635167378,0.0007226510830104219,0.21978021978021978,-0.0010345715623713478,-1.0294414548479638,-1.0728330221081446,0.46938775510204084,0.7932067932067932,5.665928899721161e-06,,,8,0.5134865134865135,-0.0008703407977980871,-1.211222536028273e-05,0.0009392648291240529,0.5176,-0.000247212002410516,0,FAIL,|t_is|>2; p_is<0.01; ho NW t>2 & p<0.05; wf>0 & p_wf<0.05; boot P(<=0)<0.05; trimmed wf>0
news_AUDUSD_1.5_3_HM,news AUDUSD thr=1.5 h=3 tier=HM,711,-0.0009121667953687449,-1.5119394712527434,-1.544087354477162,-0.0005132548254521355,0.9000999000999002,0.00046679102480345566,0.7385242244773784,0.6128994828076312,0.49466192170818507,0.17582417582417584,-3.747163728044389e-05,,,9,0.5224775224775224,-0.0006179722464136871,-3.747163728044389e-05,0.0005055573345723555,0.6382,0.0,0,FAIL,|t_is|>2; p_is<0.01; ho NW t>2 & p<0.05; wf>0 & p_wf<0.05; boot P(<=0)<0.05; trimmed wf>0
news_GBPJPY_1.5_1_H,news GBPJPY thr=1.5 h=1 tier=H,130,-0.0012213356239307326,-1.2405227524855043,-1.183242180374515,-0.0013421839375160924,0.8641358641358642,-0.0005718192898171816,-0.9063149339570465,-0.8018345661880146,0.4166666666666667,0.8081918081918081,0.0,,,6,0.5254745254745254,0.0,0.0,0.0,1.0,0.0,0,FAIL,|t_is|>2; p_is<0.01; ho NW t>2 & p<0.05; wf>0 & p_wf<0.05; boot P(<=0)<0.05; trimmed wf>0
news_GBPJPY_1.5_2_H,news GBPJPY thr=1.5 h=2 tier=H,130,-0.0016049243036395965,-1.230222794811386,-1.2416912506573274,-0.001347011734875063,0.8671328671328671,-0.0007407204532751977,-0.760217209503158,-0.7006472854820524,0.375,0.7342657342657343,0.0,,,6,0.5314685314685315,0.0,0.0,0.0,1.0,0.0,0,FAIL,|t_is|>2; p_is<0.01; ho NW t>2 & p<0.05; wf>0 & p_wf<0.05; boot P(<=0)<0.05; trimmed wf>0
news_USDCAD_1.5_3_HM,news USDCAD thr=1.5 h=3 tier=HM,711,-0.0005788503889060734,-1.4540891166828012,-1.5646823784815729,-0.0005803447433845091,0.9000999000999002,-7.731072546626013e-05,-0.21555872456189396,-0.1783161109373592,0.505338078291815,0.4935064935064935,0.0,,,9,0.5324675324675324,0.0,0.0,0.0,1.0,0.0,0,FAIL,|t_is|>2; p_is<0.01; ho NW t>2 & p<0.05; wf>0 & p_wf<0.05; boot P(<=0)<0.05; trimmed wf>0
news_AUDJPY_1.5_3_H,news AUDJPY thr=1.5 h=3 tier=H,130,-0.0009108906702043324,-0.5983780685682495,-0.5689386150491211,-0.0007496734116590742,0.6913086913086913,-0.0011952816262865533,-1.0568793171668496,-0.8614866320827034,0.4027777777777778,0.8391608391608392,0.0,,,6,0.5434565434565435,0.0,0.0,0.0,1.0,0.0,0,FAIL,|t_is|>2; p_is<0.01; ho NW t>2 & p<0.05; wf>0 & p_wf<0.05; boot P(<=0)<0.05; trimmed wf>0
news_EURJPY_1.5_3_H,news EURJPY thr=1.5 h=3 tier=H,130,-0.0009635041200395344,-1.0732010269363512,-1.0327606682793506,-0.0010905804834349902,0.8331668331668332,-0.0023877399555170564,-2.210484851410538,-1.8043360066617649,0.3888888888888889,0.986013986013986,0.0,,,6,0.5474525474525475,0.0,0.0,0.0,1.0,0.0,0,FAIL,|t_is|>2; p_is<0.01; ho NW t>2 & p<0.05; wf>0 & p_wf<0.05; boot P(<=0)<0.05; trimmed wf>0
news_GBPUSD_1.5_5_H,news GBPUSD thr=1.5 h=5 tier=H,130,-0.0014362802847176833,-0.8287212879952118,-0.5790150479952337,-0.0018109747879375942,0.7782217782217782,0.0011751165525800402,0.7672729169331644,0.7035635205002259,0.5416666666666666,0.20279720279720279,-3.935995978624313e-06,,,6,0.5514485514485514,-0.00029178803705850125,-3.935995978624313e-06,0.0002799800491226283,0.6374,0.0,0,FAIL,|t_is|>2; p_is<0.01; ho NW t>2 & p<0.05; wf>0 & p_wf<0.05; boot P(<=0)<0.05; trimmed wf>0
news_EURJPY_1.5_2_H,news EURJPY thr=1.5 h=2 tier=H,130,-0.001365917611608284,-1.857809090548612,-1.6700769705768392,-0.0013702850121961373,0.961038961038961,-0.001474625531270869,-1.6463752319550362,-1.4566288953027664,0.4166666666666667,0.9300699300699301,0.0,,,6,0.5534465534465535,0.0,0.0,0.0,1.0,0.0,0,FAIL,|t_is|>2; p_is<0.01; ho NW t>2 & p<0.05; wf>0 & p_wf<0.05; boot P(<=0)<0.05; trimmed wf>0
news_USDJPY_2.0_2_HM,news USDJPY thr=2.0 h=2 tier=HM,378,7.386869622381404e-05,0.1760767620383455,0.16760941352266204,0.00013459984265552294,0.33466533466533466,0.000464776895657142,0.5810600400820451,0.4926740054412803,0.55,0.2647352647352647,2.8281011243421917e-05,,,9,0.5564435564435565,-0.0006712210416408315,2.8281011243421923e-05,0.0007297990806004293,0.4712,-1.6842552472649645e-05,0,FAIL,|t_is|>2; p_is<0.01; ho NW t>2 & p<0.05; wf>0 & p_wf<0.05; boot P(<=0)<0.05; trimmed wf>0
news_GBPJPY_1.5_3_H,news GBPJPY thr=1.5 h=3 tier=H,130,-0.0013907658297654737,-0.8979393175123047,-0.87632068432065,-0.0009659105516108404,0.8011988011988012,-0.0014313117773771724,-1.165925456813538,-1.0476955075332592,0.4305555555555556,0.8601398601398601,0.0,,,6,0.5574425574425574,0.0,0.0,0.0,1.0,0.0,0,FAIL,|t_is|>2; p_is<0.01; ho NW t>2 & p<0.05; wf>0 & p_wf<0.05; boot P(<=0)<0.05; trimmed wf>0
news_EURJPY_1.5_1_H,news EURJPY thr=1.5 h=1 tier=H,130,-0.0006158957453617504,-0.9958668121683344,-0.9067575526221051,-0.0009654631330828547,0.8071928071928072,-0.0011729557647510982,-1.8965329981484036,-1.8647417550079584,0.4305555555555556,0.945054945054945,0.0,,,6,0.5614385614385614,0.0,0.0,0.0,1.0,0.0,0,FAIL,|t_is|>2; p_is<0.01; ho NW t>2 & p<0.05; wf>0 & p_wf<0.05; boot P(<=0)<0.05; trimmed wf>0
news_USDCHF_2.0_1_HM,news USDCHF thr=2.0 h=1 tier=HM,378,-1.2350296788000246e-05,-0.041918338662241476,-0.043954078130660414,-9.016794346430178e-05,0.3776223776223776,0.00032578094526658426,0.6326919840293341,0.5290206073656822,0.4928571428571429,0.19880119880119881,-5.044481860455371e-05,,,9,0.5624375624375625,-0.00034768312696556805,-5.1723219261501634e-05,0.0002686583196335675,0.6168,-0.0001107474873359329,0,FAIL,|t_is|>2; p_is<0.01; ho NW t>2 & p<0.05; wf>0 & p_wf<0.05; boot P(<=0)<0.05; trimmed wf>0
news_GBPJPY_1.5_5_H,news GBPJPY thr=1.5 h=5 tier=H,130,-0.0008417092345943046,-0.4703128448866608,-0.40308678270872006,-0.00036750728209067633,0.6763236763236763,-0.0017603586322608186,-1.3325065337678084,-1.2590198600961284,0.4583333333333333,0.8921078921078921,0.0,,,6,0.5664335664335665,0.0,0.0,0.0,1.0,0.0,0,FAIL,|t_is|>2; p_is<0.01; ho NW t>2 & p<0.05; wf>0 & p_wf<0.05; boot P(<=0)<0.05; trimmed wf>0
news_EURJPY_2.0_1_HM,news EURJPY thr=2.0 h=1 tier=HM,378,-8.251104095650813e-05,-0.2663328139289598,-0.22905136687197136,-0.0002807711207746329,0.4905094905094905,0.0003300586549142892,0.7281233892511094,0.6628973950644738,0.5285714285714286,0.21178821178821178,1.6695021634482853e-05,,,9,0.5774225774225774,-0.000457665391356258,-1.3716007718215403e-06,0.00051603929700184,0.5044,-3.363283954005778e-05,0,FAIL,|t_is|>2; p_is<0.01; ho NW t>2 & p<0.05; wf>0 & p_wf<0.05; boot P(<=0)<0.05; trimmed wf>0
news_AUDJPY_2.0_3_HM,news AUDJPY thr=2.0 h=3 tier=HM,378,-0.0015269358002205117,-1.7707783331009392,-1.7967090631914793,-0.0017458100045588563,0.958041958041958,-0.0015076344918034915,-1.840713355969103,-1.4831864176509668,0.4928571428571429,0.951048951048951,0.0,,,9,0.5924075924075924,0.0,0.0,0.0,1.0,0.0,0,FAIL,|t_is|>2; p_is<0.01; ho NW t>2 & p<0.05; wf>0 & p_wf<0.05; boot P(<=0)<0.05; trimmed wf>0
news_AUDJPY_0.5_1_H,news AUDJPY thr=0.5 h=1 tier=H,545,-0.0007024173448801655,-1.3413569031935766,-1.3109424957028724,-0.0006177518797978706,0.8591408591408591,-0.0005433770572470744,-1.2463643471237418,-1.2512866698228142,0.4588235294117647,0.8431568431568431,0.0,,,9,0.5964035964035964,0.0,0.0,0.0,1.0,0.0,0,FAIL,|t_is|>2; p_is<0.01; ho NW t>2 & p<0.05; wf>0 & p_wf<0.05; boot P(<=0)<0.05; trimmed wf>0
news_EURJPY_2.0_2_HM,news EURJPY thr=2.0 h=2 tier=HM,378,-0.00030757364371450824,-0.7323238645366222,-0.6642374455979735,-7.65560032198531e-05,0.7112887112887113,-5.129895449130566e-05,-0.07811926538153127,-0.06912133915802675,0.4928571428571429,0.48951048951048953,1.6884964564263768e-05,,,9,0.6033966033966034,-0.0004428713005868262,0.0,0.0005865836045201318,0.507,-0.00011964524173780406,0,FAIL,|t_is|>2; p_is<0.01; ho NW t>2 & p<0.05; wf>0 & p_wf<0.05; boot P(<=0)<0.05; trimmed wf>0
news_AUDJPY_1.5_3_HM,news AUDJPY thr=1.5 h=3 tier=HM,711,-0.001001092077912157,-1.6264044237423199,-1.6110547102681683,-0.0008415720288909247,0.9230769230769231,-0.0013554154744575234,-2.171069408350935,-1.7631019799063397,0.45195729537366547,0.97002997002997,0.0,,,9,0.6193806193806194,0.0,0.0,0.0,1.0,0.0,0,FAIL,|t_is|>2; p_is<0.01; ho NW t>2 & p<0.05; wf>0 & p_wf<0.05; boot P(<=0)<0.05; trimmed wf>0
news_AUDJPY_1.0_1_H,news AUDJPY thr=1.0 h=1 tier=H,281,-0.0002792723224951946,-0.4173831717272178,-0.3850759866955009,-0.00041872791918499584,0.6013986013986014,-0.00016852233945925896,-0.2257109134738495,-0.2522416664208206,0.5034013605442177,0.5354645354645354,-5.288812204807999e-05,,,8,0.6253746253746254,-0.00031687733225635624,-5.288812204807999e-05,0.0002111010881601962,0.6486,-2.7100089767014343e-05,0,FAIL,|t_is|>2; p_is<0.01; ho NW t>2 & p<0.05; wf>0 & p_wf<0.05; boot P(<=0)<0.05; trimmed wf>0
news_AUDJPY_1.5_1_H,news AUDJPY thr=1.5 h=1 tier=H,130,-0.0006950200300853352,-0.5963661494392156,-0.6877792991974928,-0.0011841748396489054,0.6733266733266733,1.9437062230807547e-05,0.027167050855696706,0.02310046635723102,0.4861111111111111,0.42657342657342656,-0.00012985452826393696,,,6,0.6323676323676324,-0.00038956358479181095,-0.00012985452826393696,0.0,1.0,0.0,0,FAIL,|t_is|>2; p_is<0.01; ho NW t>2 & p<0.05; wf>0 & p_wf<0.05; boot P(<=0)<0.05; trimmed wf>0
news_AUDJPY_1.5_2_H,news AUDJPY thr=1.5 h=2 tier=H,130,-0.0008098216601140763,-0.6027451950213084,-0.5632141947929666,-0.0015080853421999983,0.7132867132867133,-9.940484346186197e-05,-0.09775458331497013,-0.08340892408390133,0.4583333333333333,0.4975024975024975,-0.00021868458892988456,,,6,0.6823176823176823,-0.0008417265927130944,-0.00021868458892988456,0.00018567282592344073,0.7424,0.0,0,FAIL,|t_is|>2; p_is<0.01; ho NW t>2 & p<0.05; wf>0 & p_wf<0.05; boot P(<=0)<0.05; trimmed wf>0
news_USDCAD_2.0_1_HM,news USDCAD thr=2.0 h=1 tier=HM,378,-9.886287783063272e-05,-0.3156732199186835,-0.29890760917472753,-0.00010957978631818716,0.5074925074925075,0.0005245341129765337,1.5463627602339336,1.3641218293354904,0.5571428571428572,0.03396603396603397,-7.152961929745018e-05,,,9,0.6853146853146853,-0.00034417818525009667,-6.861853162422621e-05,0.00013832259037741804,0.696,-3.7428270084308388e-06,0,FAIL,|t_is|>2; p_is<0.01; ho NW t>2 & p<0.05; wf>0 & p_wf<0.05; boot P(<=0)<0.05; trimmed wf>0
news_USDCAD_0.5_2_HM,news USDCAD thr=0.5 h=2 tier=HM,2855,-0.000232976825283513,-1.4325690142384973,-1.4377109406444,-0.00020414757041676749,0.8331668331668332,0.00021448503718122003,1.4216859499072079,1.1671908492061707,0.5108333333333334,0.028971028971028972,-1.623719028328984e-05,-0.5237210804382612,0.1,10,0.6973026973026973,-6.669556212019209e-05,-1.623719028328984e-05,2.9705302096561523e-05,0.724,-7.325819266399346e-06,0,FAIL,|t_is|>2; p_is<0.01; ho NW t>2 & p<0.05; wf>0 & p_wf<0.05; boot P(<=0)<0.05; trimmed wf>0
news_AUDJPY_1.0_1_HM,news AUDJPY thr=1.0 h=1 tier=HM,1481,-0.00044431179254170427,-1.956045095997257,-1.8876407993289648,-0.0004805294740430607,0.9340659340659341,8.594014269976439e-05,0.27367318484288633,0.2614963109590076,0.49137931034482757,0.2727272727272727,0.0,0.0,0.0,10,0.7192807192807192,0.0,0.0,0.0,1.0,0.0,0,FAIL,|t_is|>2; p_is<0.01; ho NW t>2 & p<0.05; wf>0 & p_wf<0.05; boot P(<=0)<0.05; trimmed wf>0
news_AUDJPY_1.0_5_HM,news AUDJPY thr=1.0 h=5 tier=HM,1479,-0.000318302447057361,-0.6181519703357037,-0.5595087021936465,-0.0004893230103259269,0.6293706293706294,-0.001356735603866569,-2.3645610354820095,-2.067959810784129,0.458477508650519,0.984015984015984,0.0,0.0,0.0,10,0.7192807192807192,0.0,0.0,0.0,1.0,0.0,0,FAIL,|t_is|>2; p_is<0.01; ho NW t>2 & p<0.05; wf>0 & p_wf<0.05; boot P(<=0)<0.05; trimmed wf>0
news_GBPJPY_1.5_1_HM,news GBPJPY thr=1.5 h=1 tier=HM,711,-0.000326735155981871,-0.9939137913889284,-0.9584200732591349,-0.000501908026696037,0.7782217782217782,7.8627833055439e-05,0.22980765727161107,0.19363129586738248,0.4804270462633452,0.34265734265734266,-3.217764499523823e-05,,,9,0.7292707292707292,-0.00031161257704623584,-3.217764499523823e-05,0.00021507964206052112,0.6434,0.0,0,FAIL,|t_is|>2; p_is<0.01; ho NW t>2 & p<0.05; wf>0 & p_wf<0.05; boot P(<=0)<0.05; trimmed wf>0
news_EURUSD_1.5_3_HM,news EURUSD thr=1.5 h=3 tier=HM,711,-0.00021495005111036336,-0.5691545053292222,-0.5465694261775802,9.500530047514924e-05,0.6563436563436563,0.0003236857824255917,0.6277324678994369,0.5363374761624377,0.5302491103202847,0.22777222777222778,-6.977326169254251e-05,,,9,0.7372627372627373,-0.0003667114015906181,-5.606266642998284e-05,0.00018392921800647569,0.6388,-2.052020870831531e-06,0,FAIL,|t_is|>2; p_is<0.01; ho NW t>2 & p<0.05; wf>0 & p_wf<0.05; boot P(<=0)<0.05; trimmed wf>0
news_GBPJPY_1.5_2_HM,news GBPJPY thr=1.5 h=2 tier=HM,711,-0.00042976621833173853,-0.9535609211577133,-0.9367297015568599,-0.0005625247719356619,0.7682317682317682,-4.617124781800154e-05,-0.09329865842598827,-0.08241495567463937,0.45907473309608543,0.47152847152847155,-2.8798251383291852e-05,,,9,0.7422577422577422,-0.0003376833719832657,-2.8798251383291852e-05,0.0002512886178333902,0.6434,0.0,0,FAIL,|t_is|>2; p_is<0.01; ho NW t>2 & p<0.05; wf>0 & p_wf<0.05; boot P(<=0)<0.05; trimmed wf>0
overfade_GBPUSD_HM,over-fade GBPUSD tier=HM,201,0.00045591492060825,0.5899052848837015,0.6116239574272017,9.50623066637814e-05,0.26073926073926074,-0.0008533015395734853,-1.3391835265114964,-1.1934971516660806,0.4639175257731959,0.8821178821178821,-0.00020606047485404916,,,8,0.7462537462537463,-0.0007588395427649433,-0.0001865182042510569,0.0002414086533225919,0.7406,-2.707794803528373e-05,0,FAIL,|t_is|>2; p_is<0.01; ho NW t>2 & p<0.05; wf>0 & p_wf<0.05; boot P(<=0)<0.05; trimmed wf>0
news_AUDJPY_0.5_5_H,news AUDJPY thr=0.5 h=5 tier=H,542,0.0005676091451527009,0.5412353941337955,0.4298408387974918,-1.6444805280164932e-05,0.2547452547452547,-0.0007814853399925272,-1.122866780045017,-1.0281946123534604,0.49258160237388726,0.8241758241758241,-0.00011214526102871411,,,9,0.7602397602397603,-0.0012249530088011818,-0.00011214526102871411,0.0008885172257150393,0.638,0.0,0,FAIL,|t_is|>2; p_is<0.01; ho NW t>2 & p<0.05; wf>0 & p_wf<0.05; boot P(<=0)<0.05; trimmed wf>0
news_GBPJPY_2.0_2_HM,news GBPJPY thr=2.0 h=2 tier=HM,378,-0.0009572198244905189,-1.5855046844045337,-1.6530217256859745,-0.0011523155456613873,0.932067932067932,0.000592206676513529,0.8789450975289503,0.8300230536260834,0.4857142857142857,0.14985014985014986,-0.00012808040103700827,,,9,0.7802197802197802,-0.0008997763396791449,-0.00012808040103700827,0.0005155351365681201,0.6434,0.0,0,FAIL,|t_is|>2; p_is<0.01; ho NW t>2 & p<0.05; wf>0 & p_wf<0.05; boot P(<=0)<0.05; trimmed wf>0
news_AUDJPY_0.5_3_HM,news AUDJPY thr=0.5 h=3 tier=HM,2857,-0.0004868788507625477,-1.7094823598480895,-1.6728972600831757,-0.0005198711373888699,0.9150849150849151,-0.0008283658550196664,-2.642629752804076,-2.1955858514921895,0.47333333333333333,0.987012987012987,0.0,0.0,0.0,10,0.7852147852147852,0.0,0.0,0.0,1.0,0.0,0,FAIL,|t_is|>2; p_is<0.01; ho NW t>2 & p<0.05; wf>0 & p_wf<0.05; boot P(<=0)<0.05; trimmed wf>0
news_GBPJPY_1.0_5_HM,news GBPJPY thr=1.0 h=5 tier=HM,1479,-0.0006276241030119251,-1.2988076911969448,-1.1690441549197979,-0.0008838206753954513,0.8861138861138861,-0.0006345941242687779,-1.2686108506232026,-1.075056418630596,0.47750865051903113,0.8771228771228772,0.0,0.0,0.0,10,0.7892107892107892,0.0,0.0,0.0,1.0,0.0,0,FAIL,|t_is|>2; p_is<0.01; ho NW t>2 & p<0.05; wf>0 & p_wf<0.05; boot P(<=0)<0.05; trimmed wf>0
news_EURJPY_1.0_3_HM,news EURJPY thr=1.0 h=3 tier=HM,1481,-0.00035849944922426464,-1.3535757256474052,-1.2290984637668048,-0.00043248489862708416,0.8551448551448552,-0.0008496690768250156,-2.1557389610038693,-1.7821354534289255,0.4724137931034483,0.978021978021978,0.0,0.0,0.0,10,0.8431568431568431,0.0,0.0,0.0,1.0,0.0,0,FAIL,|t_is|>2; p_is<0.01; ho NW t>2 & p<0.05; wf>0 & p_wf<0.05; boot P(<=0)<0.05; trimmed wf>0
news_EURUSD_1.0_2_HM,news EURUSD thr=1.0 h=2 tier=HM,1481,-0.00037034233694066174,-1.7605323933601413,-1.6368153039480926,-0.0002666092435545883,0.9110889110889111,0.0006342575655786703,2.121791737250056,1.6234682879187294,0.506896551724138,0.008991008991008992,-7.996352812522454e-05,-0.8542412098141058,0.1,10,0.8511488511488512,-0.0002311480895007101,-7.889624312828236e-05,6.59940385722407e-05,0.8536,-5.3646707679612327e-05,0,FAIL,|t_is|>2; p_is<0.01; ho NW t>2 & p<0.05; wf>0 & p_wf<0.05; boot P(<=0)<0.05; trimmed wf>0
news_USDCAD_1.5_3_H,news USDCAD thr=1.5 h=3 tier=H,130,-0.0006742628667931465,-0.6206003271936669,-0.5474410235777851,-3.946051709513077e-05,0.7012987012987013,-0.0003815935721204246,-0.57849387329859,-0.5645849321310942,0.4444444444444444,0.6573426573426573,-0.00032097416441886136,,,6,0.8521478521478522,-0.0009629224932565841,-0.00032097416441886136,0.0,1.0,0.0,0,FAIL,|t_is|>2; p_is<0.01; ho NW t>2 & p<0.05; wf>0 & p_wf<0.05; boot P(<=0)<0.05; trimmed wf>0
news_USDCAD_1.0_5_HM,news USDCAD thr=1.0 h=5 tier=HM,1479,-0.00013920186039538817,-0.39990848898998366,-0.33857880253409267,-0.0002149861196704434,0.5714285714285714,6.210223035268167e-05,0.1937121123674794,0.15040603867423763,0.4982698961937716,0.35764235764235763,-7.083050344304772e-05,-1.0772078231289022,0.0,10,0.8531468531468531,-0.0001983321083415083,-7.083050344304772e-05,0.0,1.0,-5.8997508281811945e-06,0,FAIL,|t_is|>2; p_is<0.01; ho NW t>2 & p<0.05; wf>0 & p_wf<0.05; boot P(<=0)<0.05; trimmed wf>0
news_USDCAD_2.0_2_HM,news USDCAD thr=2.0 h=2 tier=HM,378,-0.0002761293324857085,-0.6520368471958017,-0.6678830623186839,-0.00026369153711508004,0.6983016983016983,0.0003728347336487142,0.8098660162277673,0.8761567774205063,0.5,0.16083916083916083,-0.00016765351220313036,,,9,0.8571428571428571,-0.00032211766081380837,-0.0001638450556878343,-3.3902191077531905e-05,1.0,-0.00011380784096589857,0,FAIL,|t_is|>2; p_is<0.01; ho NW t>2 & p<0.05; wf>0 & p_wf<0.05; boot P(<=0)<0.05; trimmed wf>0
news_EURUSD_1.0_1_HM,news EURUSD thr=1.0 h=1 tier=HM,1481,-5.127449705260982e-05,-0.3396370935376989,-0.3427095975489956,-3.4280410855190205e-05,0.4045954045954046,0.0004074000937319798,1.8617509324291244,1.4513858927430712,0.503448275862069,0.011988011988011988,-7.232048364073129e-05,-1.1095849393911905,0.2,10,0.8641358641358642,-0.000178142014667837,-7.0441398434874e-05,2.5344475347037174e-05,0.877,-7.447269948030792e-05,0,FAIL,|t_is|>2; p_is<0.01; ho NW t>2 & p<0.05; wf>0 & p_wf<0.05; boot P(<=0)<0.05; trimmed wf>0
news_EURJPY_1.5_1_HM,news EURJPY thr=1.5 h=1 tier=HM,711,-8.427475056271075e-05,-0.3741344886733298,-0.32421634530038085,-0.0001353669598175271,0.5304695304695305,-0.00041925154977773824,-1.1917881958044143,-0.9909156425755897,0.4875444839857651,0.8411588411588412,-0.00010037578027114391,,,9,0.8671328671328671,-0.00025597805944923435,-9.407667371692982e-05,6.299106554214093e-06,0.9212,-2.7448543297217008e-05,0,FAIL,|t_is|>2; p_is<0.01; ho NW t>2 & p<0.05; wf>0 & p_wf<0.05; boot P(<=0)<0.05; trimmed wf>0
news_AUDUSD_2.0_2_HM,news AUDUSD thr=2.0 h=2 tier=HM,378,-0.0004243995905758205,-0.6791405851071808,-0.7158197713887382,-0.0002078297035734151,0.6513486513486514,0.0005475952776947859,0.6923050477712119,0.6749885478053408,0.5357142857142857,0.17782217782217782,-0.0002863182172360271,,,9,0.8691308691308691,-0.0005578744261600551,-0.0002715562089240279,-4.1993451578673526e-05,1.0,-0.0001703728129971636,0,FAIL,|t_is|>2; p_is<0.01; ho NW t>2 & p<0.05; wf>0 & p_wf<0.05; boot P(<=0)<0.05; trimmed wf>0
news_GBPJPY_0.5_5_HM,news GBPJPY thr=0.5 h=5 tier=HM,2854,-0.00043532972902356215,-1.221808079129759,-1.1451679850547098,-0.0005197183935354302,0.8561438561438561,-0.0008319347255186272,-2.3210050965513744,-2.0996066452254745,0.45864661654135336,0.988011988011988,0.0,0.0,0.0,10,0.8691308691308691,0.0,0.0,0.0,1.0,0.0,0,FAIL,|t_is|>2; p_is<0.01; ho NW t>2 & p<0.05; wf>0 & p_wf<0.05; boot P(<=0)<0.05; trimmed wf>0
news_AUDJPY_2.0_5_HM,news AUDJPY thr=2.0 h=5 tier=HM,377,-0.0004660294652412567,-0.43067413787697395,-0.40526569845994775,-0.0004040979143730451,0.6443556443556444,-0.001629067439116544,-1.403671983509434,-1.424492919857225,0.48201438848920863,0.9070929070929071,-0.0002586841485681201,,,9,0.8751248751248751,-0.0007760524457043603,-0.0002586841485681201,0.0,1.0,0.0,0,FAIL,|t_is|>2; p_is<0.01; ho NW t>2 & p<0.05; wf>0 & p_wf<0.05; boot P(<=0)<0.05; trimmed wf>0
news_AUDUSD_2.0_5_HM,news AUDUSD thr=2.0 h=5 tier=HM,377,-0.00017776414758196603,-0.1829170182928063,-0.1603464511692223,0.0008750670062232042,0.5124875124875125,0.0006672580171323542,0.5704493084561749,0.5263175440140756,0.539568345323741,0.2727272727272727,-0.0002973177501767893,,,9,0.8791208791208791,-0.0011283411043748893,-0.0002973177501767893,0.0005000864909838551,0.7454,-0.00022017509255625487,0,FAIL,|t_is|>2; p_is<0.01; ho NW t>2 & p<0.05; wf>0 & p_wf<0.05; boot P(<=0)<0.05; trimmed wf>0
news_EURJPY_2.0_3_HM,news EURJPY thr=2.0 h=3 tier=HM,378,-0.0005921772699677899,-1.0758348262619895,-1.0783548728946795,-0.0005588461430605048,0.8341658341658341,-0.0010513344365005851,-1.4276297575101526,-1.3061668660223362,0.4785714285714286,0.8861138861138861,-0.00016696282433507244,,,9,0.8821178821178821,-0.0005008884730052174,-0.00016696282433507244,0.0,1.0,0.0,0,FAIL,|t_is|>2; p_is<0.01; ho NW t>2 & p<0.05; wf>0 & p_wf<0.05; boot P(<=0)<0.05; trimmed wf>0
news_EURJPY_1.0_1_HM,news EURJPY thr=1.0 h=1 tier=HM,1481,-0.00014733594324809333,-0.9281733237521487,-0.8252647998899341,-0.00017474617556750008,0.7152847152847153,-0.0002427292903572128,-0.9057832655200894,-0.717590170068031,0.4810344827586207,0.7502497502497503,-2.7123557272798654e-05,-0.9999999999999999,0.0,10,0.8831168831168831,-8.137067181839596e-05,-2.7123557272798654e-05,0.0,1.0,0.0,0,FAIL,|t_is|>2; p_is<0.01; ho NW t>2 & p<0.05; wf>0 & p_wf<0.05; boot P(<=0)<0.05; trimmed wf>0
news_AUDJPY_2.0_2_HM,news AUDJPY thr=2.0 h=2 tier=HM,378,-0.0005204022249168688,-0.8152966581934574,-0.8659480338934888,-0.0004783421824912742,0.7532467532467533,-6.127052719355288e-07,-0.0008557329305566725,-0.0007375092210385343,0.5285714285714286,0.44755244755244755,-0.00025875183216535116,,,9,0.8841158841158842,-0.0005208527627508978,-0.00025875183216535116,0.0,1.0,-0.00016418747169331434,0,FAIL,|t_is|>2; p_is<0.01; ho NW t>2 & p<0.05; wf>0 & p_wf<0.05; boot P(<=0)<0.05; trimmed wf>0
news_EURJPY_0.5_1_H,news EURJPY thr=0.5 h=1 tier=H,545,-0.00019496442161694107,-0.5885629465907186,-0.6091815185750924,-0.0003361858258028772,0.6583416583416584,-0.0006607314230588609,-1.8614117196102151,-1.7747047490595784,0.46176470588235297,0.9470529470529471,-0.00011354449254697625,,,9,0.8891108891108891,-0.0003406334776409287,-0.00011354449254697625,0.0,1.0,0.0,0,FAIL,|t_is|>2; p_is<0.01; ho NW t>2 & p<0.05; wf>0 & p_wf<0.05; boot P(<=0)<0.05; trimmed wf>0
news_GBPJPY_1.0_1_H,news GBPJPY thr=1.0 h=1 tier=H,281,-0.0003407761140639085,-0.5061101910024686,-0.4901055040310555,-0.000711100830745137,0.6523476523476524,-0.0003936942558878999,-0.7262811525742838,-0.715110177527079,0.4421768707482993,0.7402597402597403,-0.0002540969921678704,,,8,0.8981018981018981,-0.0006848615271088101,-0.0002540969921678704,0.0,1.0,-3.441308861991161e-05,0,FAIL,|t_is|>2; p_is<0.01; ho NW t>2 & p<0.05; wf>0 & p_wf<0.05; boot P(<=0)<0.05; trimmed wf>0
news_USDCAD_1.5_2_H,news USDCAD thr=1.5 h=2 tier=H,130,-0.0003250213661306218,-0.3384684678188854,-0.28575161033281216,-0.001394836068404112,0.6163836163836164,-5.7717274126803434e-05,-0.08930112351131027,-0.09933598066348708,0.4583333333333333,0.4695304695304695,-0.000342669612450602,,,6,0.9000999000999002,-0.0008187024386728299,-0.0003183784250997824,-4.8582374701639166e-05,1.0,-0.00011679879301489782,0,FAIL,|t_is|>2; p_is<0.01; ho NW t>2 & p<0.05; wf>0 & p_wf<0.05; boot P(<=0)<0.05; trimmed wf>0
news_GBPJPY_1.0_2_H,news GBPJPY thr=1.0 h=2 tier=H,281,0.00027873597815790673,0.3140904709367907,0.32957896744251963,0.000175401789042785,0.34565434565434566,-0.0006419961719212531,-0.9080148930866068,-0.9546591742104716,0.43537414965986393,0.7932067932067932,-0.00027257959003696,,,8,0.9040959040959041,-0.00054515918007392,-0.00027257959003696,0.0,1.0,-0.00013858699377878317,0,FAIL,|t_is|>2; p_is<0.01; ho NW t>2 & p<0.05; wf>0 & p_wf<0.05; boot P(<=0)<0.05; trimmed wf>0
news_USDCAD_1.0_3_HM,news USDCAD thr=1.0 h=3 tier=HM,1481,-0.0003496887677446619,-1.3230894292137827,-1.250288939942641,-0.00032823743599600264,0.8371628371628371,-0.00015728910984392537,-0.6201718352102078,-0.46516797070143645,0.5103448275862069,0.6173826173826173,-7.896550272398595e-05,-1.0000000000000002,0.0,10,0.9100899100899101,-0.00023689650817195783,-7.896550272398595e-05,0.0,1.0,0.0,0,FAIL,|t_is|>2; p_is<0.01; ho NW t>2 & p<0.05; wf>0 & p_wf<0.05; boot P(<=0)<0.05; trimmed wf>0
news_GBPJPY_2.0_5_HM,news GBPJPY thr=2.0 h=5 tier=HM,377,-0.000516303425874729,-0.5397653243313081,-0.5223052314946419,-0.0009819579987245012,0.6823176823176823,-0.0007062471593969718,-0.6443359069296326,-0.6437985818637053,0.45323741007194246,0.7142857142857143,-0.0002829564754554689,,,9,0.922077922077922,-0.0008572664209436686,-0.0002829564754554689,8.396994577261932e-06,0.7492,0.0,0,FAIL,|t_is|>2; p_is<0.01; ho NW t>2 & p<0.05; wf>0 & p_wf<0.05; boot P(<=0)<0.05; trimmed wf>0
news_USDCHF_2.0_2_HM,news USDCHF thr=2.0 h=2 tier=HM,378,-0.00019358064318472813,-0.5211681615892655,-0.4873336863256074,-0.00016696325720520668,0.5824175824175825,0.0002765432902442159,0.40148735214123255,0.3776599830478062,0.4785714285714286,0.2647352647352647,-0.0002688967618716206,,,9,0.9280719280719281,-0.0006071477285978856,-0.0002688967618716206,0.0,1.0,-0.00012827735808234185,0,FAIL,|t_is|>2; p_is<0.01; ho NW t>2 & p<0.05; wf>0 & p_wf<0.05; boot P(<=0)<0.05; trimmed wf>0
news_GBPJPY_1.5_3_HM,news GBPJPY thr=1.5 h=3 tier=HM,711,-0.0005208199206919896,-0.8902770592904956,-0.9061267668968277,-0.00045885658441056985,0.7772227772227772,-0.0009727628058036708,-1.6120023766514422,-1.3642914004212192,0.47330960854092524,0.945054945054945,-0.00019395689310513527,,,9,0.929070929070929,-0.0005818706793154058,-0.00019395689310513527,0.0,1.0,0.0,0,FAIL,|t_is|>2; p_is<0.01; ho NW t>2 & p<0.05; wf>0 & p_wf<0.05; boot P(<=0)<0.05; trimmed wf>0
news_USDCAD_0.5_3_HM,news USDCAD thr=0.5 h=3 tier=HM,2855,-0.0002977145039273915,-1.5562188350410102,-1.5490263764189998,-0.00021762855530520754,0.8881118881118881,-6.187484702520893e-05,-0.35419266750275874,-0.2982100567196245,0.5191666666666667,0.46853146853146854,-5.822717037690504e-05,-1.011198905501307,0.0,10,0.9310689310689311,-0.00017293252187444347,-5.822717037690504e-05,0.0,1.0,-7.287455234465214e-07,0,FAIL,|t_is|>2; p_is<0.01; ho NW t>2 & p<0.05; wf>0 & p_wf<0.05; boot P(<=0)<0.05; trimmed wf>0
news_EURJPY_0.5_1_HM,news EURJPY thr=0.5 h=1 tier=HM,2858,-0.00021385899505146956,-1.8596629497378732,-1.671458895362561,-0.00026433515009995957,0.903096903096903,-0.0005215053858996471,-2.904066213762701,-2.386863903834388,0.466278101582015,0.995004995004995,0.0,0.0,0.0,10,0.9330669330669331,0.0,0.0,0.0,1.0,0.0,0,FAIL,|t_is|>2; p_is<0.01; ho NW t>2 & p<0.05; wf>0 & p_wf<0.05; boot P(<=0)<0.05; trimmed wf>0
basket_2.0_2_HM,basket thr=2.0 h=2 tier=HM,378,-0.0003231214335191253,-0.837970447436516,-0.8726148003259259,-0.00023089280307504143,1.0,0.0006111947313451818,1.0350533077913178,0.9840798635250269,0.5214285714285715,0.000999000999000999,-0.00025754985911325605,,,9,0.9340659340659341,-0.000550827309157385,-0.00023597731724320188,-3.142092851444412e-05,1.0,-0.00010853279858435458,0,FAIL,|t_is|>2; p_is<0.01; ho NW t>2 & p<0.05; wf>0 & p_wf<0.05; boot P(<=0)<0.05; trimmed wf>0
news_AUDJPY_1.5_5_H,news AUDJPY thr=1.5 h=5 tier=H,130,0.002180413849120567,1.2901876122431388,1.0098971937084618,0.0026159033845075093,0.06993006993006994,-0.0019691749770184295,-1.3417602902389825,-1.0770832381299063,0.3888888888888889,0.8911088911088911,-0.0006598818248303261,,,6,0.935064935064935,-0.0037033785216088314,-0.0006598818248303261,0.0017237330471178535,0.6358,0.0,0,FAIL,|t_is|>2; p_is<0.01; ho NW t>2 & p<0.05; wf>0 & p_wf<0.05; boot P(<=0)<0.05; trimmed wf>0
news_AUDJPY_1.5_2_HM,news AUDJPY thr=1.5 h=2 tier=HM,711,-0.0004819351022727686,-1.0044991420765585,-1.0705245083586976,-0.00048331664144082593,0.8131868131868132,-0.00021788731849765495,-0.40560389358764476,-0.3720287841970666,0.49110320284697506,0.5694305694305695,-0.0002443787818561819,,,9,0.936063936063936,-0.0005662792028913076,-0.0002443787818561819,0.0,1.0,-9.967067894435632e-05,0,FAIL,|t_is|>2; p_is<0.01; ho NW t>2 & p<0.05; wf>0 & p_wf<0.05; boot P(<=0)<0.05; trimmed wf>0
news_USDCAD_0.5_2_H,news USDCAD thr=0.5 h=2 tier=H,544,-4.014012937664937e-05,-0.08254717257930634,-0.07395753808593736,-0.00030895526049008314,0.46653346653346656,0.000306229256094494,1.0596016302633526,0.9235641675508749,0.5162241887905604,0.08791208791208792,-0.00016845649243310285,,,9,0.939060939060939,-0.0007001366686012453,-0.00016845649243310285,0.00032904531038921187,0.6918,-7.244249022459204e-05,0,FAIL,|t_is|>2; p_is<0.01; ho NW t>2 & p<0.05; wf>0 & p_wf<0.05; boot P(<=0)<0.05; trimmed wf>0
news_GBPJPY_0.5_1_H,news GBPJPY thr=0.5 h=1 tier=H,545,-0.00043327309353713737,-0.8399912418433855,-0.7966517724515526,-0.0006516383585889485,0.7702297702297702,-0.0004680229834455506,-1.309449353782341,-1.3010001935680515,0.45294117647058824,0.8701298701298701,-0.0001986051531942496,,,9,0.939060939060939,-0.0004019129197875888,-0.0001986051531942496,0.0,1.0,-0.00012465163272546,0,FAIL,|t_is|>2; p_is<0.01; ho NW t>2 & p<0.05; wf>0 & p_wf<0.05; boot P(<=0)<0.05; trimmed wf>0
news_NZDUSD_2.0_2_HM,news NZDUSD thr=2.0 h=2 tier=HM,378,-0.00042096282609235396,-0.692956372044526,-0.6946626526156219,-0.0003290069218563159,0.6193806193806194,0.0008445711833111527,1.0512882811424802,0.9440174270643282,0.5071428571428571,0.11188811188811189,-0.00037447350390910005,,,9,0.9410589410589411,-0.0007379349923184611,-0.0003550300261226525,-5.445917957049129e-05,0.9788,-0.00028347237917637346,0,FAIL,|t_is|>2; p_is<0.01; ho NW t>2 & p<0.05; wf>0 & p_wf<0.05; boot P(<=0)<0.05; trimmed wf>0
news_GBPJPY_0.5_3_H,news GBPJPY thr=0.5 h=3 tier=H,544,-0.00011874111273097095,-0.14540174803815664,-0.13249002623736286,-0.0004995549591142551,0.5394605394605395,-0.00039454355630097536,-0.7316098710982922,-0.7320189603446243,0.4808259587020649,0.7552447552447552,-0.0002559000951561632,,,9,0.952047952047952,-0.0004695279345809878,-0.00025448982030369254,-4.368253058380934e-05,1.0,-0.00019168222557053693,0,FAIL,|t_is|>2; p_is<0.01; ho NW t>2 & p<0.05; wf>0 & p_wf<0.05; boot P(<=0)<0.05; trimmed wf>0
news_GBPJPY_1.0_1_HM,news GBPJPY thr=1.0 h=1 tier=HM,1481,-0.00029606767003628146,-1.3097045265866523,-1.2419439932614362,-0.0003802490141323915,0.8441558441558441,4.76063309388666e-05,0.17484867955841768,0.15651819909813933,0.4793103448275862,0.34965034965034963,-9.341735195464052e-05,-1.0,0.0,10,0.952047952047952,-0.0002802520558639216,-9.341735195464052e-05,0.0,1.0,0.0,0,FAIL,|t_is|>2; p_is<0.01; ho NW t>2 & p<0.05; wf>0 & p_wf<0.05; boot P(<=0)<0.05; trimmed wf>0
news_AUDJPY_0.5_3_H,news AUDJPY thr=0.5 h=3 tier=H,544,-0.0001643109530446141,-0.20560985459677789,-0.18177874932036167,-0.0001985353680816736,0.5124875124875125,-0.0005692008232101982,-0.9344300355842251,-0.9550471767991693,0.504424778761062,0.7702297702297702,-0.00028503719989739207,,,9,0.9530469530469531,-0.0008551115996921762,-0.00028503719989739207,0.0,1.0,0.0,0,FAIL,|t_is|>2; p_is<0.01; ho NW t>2 & p<0.05; wf>0 & p_wf<0.05; boot P(<=0)<0.05; trimmed wf>0
news_EURJPY_1.5_2_HM,news EURJPY thr=1.5 h=2 tier=HM,711,-0.00022531811514213878,-0.7401287931787285,-0.6906375884245534,-0.00030782868393332947,0.6833166833166833,-0.0006408168502076518,-1.334507834790217,-1.2221998037973074,0.47330960854092524,0.8781218781218781,-0.00020374342008535132,,,9,0.967032967032967,-0.0004089326240581809,-0.00019788475480249156,-3.0160485569805124e-05,1.0,-0.00011065959683232935,0,FAIL,|t_is|>2; p_is<0.01; ho NW t>2 & p<0.05; wf>0 & p_wf<0.05; boot P(<=0)<0.05; trimmed wf>0
news_GBPJPY_0.5_5_H,news GBPJPY thr=0.5 h=5 tier=H,542,-0.0008106462239455521,-0.7855967539668612,-0.7275719630247572,-0.001797997392842837,0.7522477522477522,-0.000789379588282207,-1.2617811436246003,-1.2390680974561123,0.456973293768546,0.8821178821178821,-0.00027205499237743515,,,9,0.971028971028971,-0.0008161649771323055,-0.00027205499237743515,0.0,1.0,0.0,0,FAIL,|t_is|>2; p_is<0.01; ho NW t>2 & p<0.05; wf>0 & p_wf<0.05; boot P(<=0)<0.05; trimmed wf>0
news_GBPJPY_2.0_3_HM,news GBPJPY thr=2.0 h=3 tier=HM,378,-0.0014682620110727839,-1.8561322652295447,-2.026849695790774,-0.0020351672331330966,0.957042957042957,-0.0005937568261108446,-0.7071407572131148,-0.6018679848986076,0.4785714285714286,0.7332667332667333,-0.00038181500881420206,,,9,0.971028971028971,-0.001145445026442606,-0.00038181500881420206,0.0,1.0,0.0,0,FAIL,|t_is|>2; p_is<0.01; ho NW t>2 & p<0.05; wf>0 & p_wf<0.05; boot P(<=0)<0.05; trimmed wf>0
news_GBPJPY_0.5_1_HM,news GBPJPY thr=0.5 h=1 tier=HM,2858,-0.00019738534936307334,-1.2069355663542056,-1.0879288465117833,-0.000350701079639963,0.8091908091908092,-0.00034680655845754877,-1.848788430648505,-1.5777630670628984,0.4587843463780183,0.9370629370629371,-7.334599237612927e-05,-1.0,0.0,10,0.972027972027972,-0.00022003797712838777,-7.334599237612927e-05,0.0,1.0,0.0,0,FAIL,|t_is|>2; p_is<0.01; ho NW t>2 & p<0.05; wf>0 & p_wf<0.05; boot P(<=0)<0.05; trimmed wf>0
news_USDCAD_1.0_3_H,news USDCAD thr=1.0 h=3 tier=H,281,-0.00013185951398356875,-0.19354328065836932,-0.18056243349236972,-0.0002692874672638848,0.5264735264735265,0.00037368625823680843,0.7407231093153465,0.6713345824877139,0.5374149659863946,0.1968031968031968,-0.00029830791452011506,,,8,0.973026973026973,-0.001112316236121386,-0.0002506173902291317,0.00039799342435206707,0.7054,-6.541907618948193e-05,0,FAIL,|t_is|>2; p_is<0.01; ho NW t>2 & p<0.05; wf>0 & p_wf<0.05; boot P(<=0)<0.05; trimmed wf>0
news_EURJPY_1.0_3_H,news EURJPY thr=1.0 h=3 tier=H,281,0.00023733329244127063,0.37872968407267305,0.3671057289964953,0.00017967862289480573,0.2977022977022977,-0.0014194418988490182,-1.7194026499448865,-1.9213665771716733,0.43537414965986393,0.9430569430569431,-0.0003561631922499237,,,8,0.9760239760239761,-0.0007380595756300881,-0.0003561631922499237,0.0,1.0,-0.00022028666741312207,0,FAIL,|t_is|>2; p_is<0.01; ho NW t>2 & p<0.05; wf>0 & p_wf<0.05; boot P(<=0)<0.05; trimmed wf>0
news_EURJPY_1.5_3_HM,news EURJPY thr=1.5 h=3 tier=HM,711,-0.0003794292055707147,-0.9934642153886771,-1.0231872955307124,-0.0002521523741291221,0.7972027972027972,-0.0014905711597963927,-2.678118441804082,-2.3336441348166743,0.47686832740213525,0.996003996003996,-0.0002152185197010752,,,9,0.977022977022977,-0.00048190813297944394,-0.0002016328064728954,-1.3585713228179814e-05,1.0,-8.182236539148914e-05,0,FAIL,|t_is|>2; p_is<0.01; ho NW t>2 & p<0.05; wf>0 & p_wf<0.05; boot P(<=0)<0.05; trimmed wf>0
news_GBPJPY_1.0_2_HM,news GBPJPY thr=1.0 h=2 tier=HM,1481,-0.000463406799974386,-1.4991702784134924,-1.3728359602502873,-0.0006945544397671932,0.9020979020979021,2.6765037259243632e-05,0.07555134996516832,0.07056251074617423,0.47586206896551725,0.4485514485514486,-0.00014964560454958705,-1.0,0.0,10,0.978021978021978,-0.00044893681364876115,-0.00014964560454958705,0.0,1.0,0.0,0,FAIL,|t_is|>2; p_is<0.01; ho NW t>2 & p<0.05; wf>0 & p_wf<0.05; boot P(<=0)<0.05; trimmed wf>0
news_GBPJPY_1.5_5_HM,news GBPJPY thr=1.5 h=5 tier=HM,710,-0.0004370604322920017,-0.6079136078164191,-0.5813053513701747,-0.0003954905762878284,0.7002997002997003,-0.0004250057577111238,-0.5842883279141039,-0.5423396536295676,0.4714285714285714,0.7072927072927073,-0.00027003481064615393,,,9,0.978021978021978,-0.0008775002043556235,-0.00027003481064615393,6.739577241716158e-05,0.7492,0.0,0,FAIL,|t_is|>2; p_is<0.01; ho NW t>2 & p<0.05; wf>0 & p_wf<0.05; boot P(<=0)<0.05; trimmed wf>0
news_EURJPY_1.0_5_HM,news EURJPY thr=1.0 h=5 tier=HM,1479,-0.0002756170755899977,-0.8182352791553724,-0.6952940487938573,-0.00043930083506362654,0.7122877122877123,-0.0008793437067723355,-1.8119361604509225,-1.558576473717269,0.4809688581314879,0.948051948051948,-0.00012693577851950418,-1.0,0.0,10,0.9820179820179821,-0.00038080733555851255,-0.00012693577851950418,0.0,1.0,0.0,0,FAIL,|t_is|>2; p_is<0.01; ho NW t>2 & p<0.05; wf>0 & p_wf<0.05; boot P(<=0)<0.05; trimmed wf>0
news_GBPJPY_0.5_3_HM,news GBPJPY thr=0.5 h=3 tier=HM,2857,-4.7491501318948725e-05,-0.17206776051282785,-0.15734930231000271,-0.0002465694533628272,0.47952047952047955,-0.0007038189689444276,-2.38771559396633,-1.9464766111862402,0.47583333333333333,0.985014985014985,-9.847878880870549e-05,-1.1987060859258303,0.1,10,0.9820179820179821,-0.00023208033108454608,-9.847878880870549e-05,1.7561376733567546e-05,0.9166,-7.096069912143656e-05,0,FAIL,|t_is|>2; p_is<0.01; ho NW t>2 & p<0.05; wf>0 & p_wf<0.05; boot P(<=0)<0.05; trimmed wf>0
news_AUDJPY_1.5_5_HM,news AUDJPY thr=1.5 h=5 tier=HM,710,-0.0003554120594141529,-0.46833841795248304,-0.4286015405178623,-0.00023239469279550762,0.6313686313686314,-0.0015017991295863521,-1.8277900463482357,-1.684145834984403,0.42857142857142855,0.9600399600399601,-0.0003312707084285732,,,9,0.985014985014985,-0.0009938121252857195,-0.0003312707084285732,0.0,1.0,0.0,0,FAIL,|t_is|>2; p_is<0.01; ho NW t>2 & p<0.05; wf>0 & p_wf<0.05; boot P(<=0)<0.05; trimmed wf>0
news_EURJPY_0.5_2_HM,news EURJPY thr=0.5 h=2 tier=HM,2857,-0.00028259387081885445,-1.7425962550851521,-1.5736538863888092,-0.0004166045730791754,0.906093906093906,-0.0006126016810077315,-2.6093426534215856,-2.252138549070479,0.4775,0.986013986013986,-5.448456709185645e-05,-1.0,0.0,10,0.986013986013986,-0.00016345370127556933,-5.448456709185645e-05,0.0,1.0,0.0,0,FAIL,|t_is|>2; p_is<0.01; ho NW t>2 & p<0.05; wf>0 & p_wf<0.05; boot P(<=0)<0.05; trimmed wf>0
news_EURJPY_1.0_5_H,news EURJPY thr=1.0 h=5 tier=H,280,0.0007531868690419085,0.8667361110659295,0.9031822993412015,0.0002014062166779762,0.18081918081918083,-0.0012470541232257892,-1.395350543264583,-1.4475772729572367,0.4931506849315068,0.9090909090909091,-0.00040923606112701507,,,8,0.987012987012987,-0.0014989927963654152,-0.0003962366694169714,0.0006123479911319739,0.7148,-0.0003064712107631265,0,FAIL,|t_is|>2; p_is<0.01; ho NW t>2 & p<0.05; wf>0 & p_wf<0.05; boot P(<=0)<0.05; trimmed wf>0
news_EURJPY_1.0_2_HM,news EURJPY thr=1.0 h=2 tier=HM,1481,-0.0003295961219432308,-1.475387996286212,-1.2404492036486283,-0.0003668862511449153,0.8581418581418582,-0.0002642603199799339,-0.7722100728993485,-0.7002594023759227,0.496551724137931,0.7012987012987013,-0.00012296317178899662,-1.0,0.0,10,0.988011988011988,-0.0003688895153669899,-0.00012296317178899662,0.0,1.0,0.0,0,FAIL,|t_is|>2; p_is<0.01; ho NW t>2 & p<0.05; wf>0 & p_wf<0.05; boot P(<=0)<0.05; trimmed wf>0
news_GBPJPY_1.0_3_HM,news GBPJPY thr=1.0 h=3 tier=HM,1481,-0.00042920440683218353,-1.1389932945645957,-1.0641163153750057,-0.0005757697873314272,0.8501498501498501,-0.0006265566920408762,-1.4605143754000371,-1.1948508975714902,0.47413793103448276,0.9150849150849151,-0.00016152461996342147,-1.0,0.0,10,0.988011988011988,-0.00048457385989026443,-0.00016152461996342147,0.0,1.0,0.0,0,FAIL,|t_is|>2; p_is<0.01; ho NW t>2 & p<0.05; wf>0 & p_wf<0.05; boot P(<=0)<0.05; trimmed wf>0
gsrgsr20_USDJPY,gsrgsr20 -> USDJPY,4426,-0.00012168526531099199,-1.2768561886919725,-1.2981365130724078,-7.673088054188593e-05,0.6773226773226774,-8.906491382931623e-05,-0.64221946849682,-0.6285073021508303,0.5009842519685039,0.5474525474525475,-3.8053838234203386e-05,-1.0000000000000002,0.0,10,0.991008991008991,-0.00011416151470261014,-3.8053838234203386e-05,0.0,1.0,0.0,0,FAIL,|t_is|>2; p_is<0.01; ho NW t>2 & p<0.05; wf>0 & p_wf<0.05; boot P(<=0)<0.05; trimmed wf>0
news_USDCAD_1.5_5_H,news USDCAD thr=1.5 h=5 tier=H,130,0.0009099464916528957,0.6516788669499809,0.5285165206191269,0.0002520095670120442,0.24975024975024976,-0.0005674099630242147,-0.5831652028330385,-0.5222599215035804,0.4305555555555556,0.6893106893106893,-0.0007510225026678254,,,6,0.9920079920079921,-0.0015905430318181046,-0.0007108819710836062,-8.028106316843843e-05,1.0,-0.0003513325038847952,0,FAIL,|t_is|>2; p_is<0.01; ho NW t>2 & p<0.05; wf>0 & p_wf<0.05; boot P(<=0)<0.05; trimmed wf>0
news_GBPJPY_0.5_2_HM,news GBPJPY thr=0.5 h=2 tier=HM,2857,-0.00015399148178235408,-0.6786419643255518,-0.6261577355852525,-0.000447345711044507,0.6523476523476524,-0.0004001391505779329,-1.6095756460172943,-1.3597999440522244,0.4666666666666667,0.9170829170829171,-0.00013396832140255273,-1.8622371243073306,0.0,10,0.9920079920079921,-0.00025862200121046274,-0.00013396832140255273,-2.7160229858296968e-05,1.0,-9.779451903970521e-05,0,FAIL,|t_is|>2; p_is<0.01; ho NW t>2 & p<0.05; wf>0 & p_wf<0.05; boot P(<=0)<0.05; trimmed wf>0
news_GBPJPY_1.0_3_H,news GBPJPY thr=1.0 h=3 tier=H,281,0.00027446803364073016,0.2681016146691617,0.23953307068930027,4.145371088990098e-05,0.3706293706293706,-0.0011867822410852786,-1.3309667406681462,-1.4800162611451628,0.4489795918367347,0.8871128871128872,-0.0005416619184626381,,,8,0.994005994005994,-0.0012052627820006467,-0.000541661918462638,2.1195897273459376e-05,0.9276,-0.00028052184550062675,0,FAIL,|t_is|>2; p_is<0.01; ho NW t>2 & p<0.05; wf>0 & p_wf<0.05; boot P(<=0)<0.05; trimmed wf>0
news_AUDJPY_0.5_2_H,news AUDJPY thr=0.5 h=2 tier=H,544,-0.00015378337790846938,-0.2142728864106513,-0.18644230761490801,-0.0003347268847504418,0.5094905094905094,-0.000666513939093615,-1.280785385797191,-1.2777840076308704,0.44837758112094395,0.8541458541458542,-0.0004534356502182848,,,9,0.994005994005994,-0.0009119532439002165,-0.00042887158693540603,-3.976788786177546e-05,0.9712,-0.00029466207893396375,0,FAIL,|t_is|>2; p_is<0.01; ho NW t>2 & p<0.05; wf>0 & p_wf<0.05; boot P(<=0)<0.05; trimmed wf>0
news_USDCAD_0.5_3_H,news USDCAD thr=0.5 h=3 tier=H,544,-0.0003214097593929191,-0.6215806640451566,-0.5901776825655306,-0.0003924568382255916,0.6933066933066933,0.0001752977221685405,0.5130253741397907,0.4627150681215663,0.5486725663716814,0.23176823176823177,-0.00028514224281134346,,,9,0.995004995004995,-0.0010142563113918525,-0.0002595611925098496,0.000281673264774213,0.7338,-4.339716070278229e-05,0,FAIL,|t_is|>2; p_is<0.01; ho NW t>2 & p<0.05; wf>0 & p_wf<0.05; boot P(<=0)<0.05; trimmed wf>0
news_AUDJPY_0.5_5_HM,news AUDJPY thr=0.5 h=5 tier=HM,2854,-0.000555839391902915,-1.5425548120748773,-1.5350795628334355,-0.0005491916720486122,0.8921078921078921,-0.0011543063079616472,-2.901633748131363,-2.592403164989664,0.4728487886382623,0.997002997002997,-0.0001818054113707236,-1.0000000000000002,0.0,10,0.997002997002997,-0.0005454162341121708,-0.0001818054113707236,0.0,1.0,0.0,0,FAIL,|t_is|>2; p_is<0.01; ho NW t>2 & p<0.05; wf>0 & p_wf<0.05; boot P(<=0)<0.05; trimmed wf>0
news_EURJPY_0.5_5_HM,news EURJPY thr=0.5 h=5 tier=HM,2854,-0.0003681115861268641,-1.5198653234146156,-1.4147904909525129,-0.00028563159631063965,0.9010989010989011,-0.000962783373171459,-2.806134828077012,-2.5021806411638674,0.4853801169590643,0.995004995004995,-0.00012537152388441327,-1.0,0.0,10,0.999000999000999,-0.0003761145716532398,-0.00012537152388441327,0.0,1.0,0.0,0,FAIL,|t_is|>2; p_is<0.01; ho NW t>2 & p<0.05; wf>0 & p_wf<0.05; boot P(<=0)<0.05; trimmed wf>0
news_EURJPY_0.5_5_H,news EURJPY thr=0.5 h=5 tier=H,542,0.00014609639019996229,0.20961792654038253,0.19642730007935857,-0.00019883146232016935,0.36863136863136864,-0.0006987072305105466,-1.1407566638730569,-1.1259626261385383,0.5044510385756676,0.8421578421578422,-0.0003277591054143822,,,9,0.999000999000999,-0.0007378488453603059,-0.0003277591054143822,0.0,1.0,-0.00010518363037836028,0,FAIL,|t_is|>2; p_is<0.01; ho NW t>2 & p<0.05; wf>0 & p_wf<0.05; boot P(<=0)<0.05; trimmed wf>0
news_EURJPY_1.5_5_H,news EURJPY thr=1.5 h=5 tier=H,130,0.00010272660254598295,0.08279141721215869,0.07395054958268187,0.00012183866688309544,0.46153846153846156,-0.0023207545879523777,-1.9235051146976987,-1.832100780788174,0.4583333333333333,0.9690309690309691,-0.0011052083680848622,,,6,0.999000999000999,-0.0033156251042545863,-0.0011052083680848622,0.0,1.0,0.0,0,FAIL,|t_is|>2; p_is<0.01; ho NW t>2 & p<0.05; wf>0 & p_wf<0.05; boot P(<=0)<0.05; trimmed wf>0
news_EURJPY_0.5_2_H,news EURJPY thr=0.5 h=2 tier=H,544,0.00017944427719071159,0.37820806654991157,0.3605143511043436,4.388097928528656e-05,0.3076923076923077,-0.0007503568061565026,-1.6989664586196185,-1.5825598608027163,0.49557522123893805,0.939060939060939,-0.00036661339985848986,,,9,1.0,-0.0007465986668647291,-0.00036661339985848986,0.0,1.0,-0.00022708384245690463,0,FAIL,|t_is|>2; p_is<0.01; ho NW t>2 & p<0.05; wf>0 & p_wf<0.05; boot P(<=0)<0.05; trimmed wf>0
news_EURJPY_0.5_3_HM,news EURJPY thr=0.5 h=3 tier=HM,2857,-0.0001672401901707961,-0.871332782751566,-0.8053957086496423,-0.00023641292768497232,0.6653346653346653,-0.0007613684343889497,-2.788840056537401,-2.298809003137872,0.4891666666666667,0.997002997002997,-0.00013323100427305756,-1.3519270256832707,0.0,10,1.0,-0.00030443743548793343,-0.00013323100427305756,0.0,1.0,-4.7469283677272945e-05,0,FAIL,|t_is|>2; p_is<0.01; ho NW t>2 & p<0.05; wf>0 & p_wf<0.05; boot P(<=0)<0.05; trimmed wf>0
news_EURJPY_0.5_3_H,news EURJPY thr=0.5 h=3 tier=H,544,0.00010642372194971544,0.20290324496219866,0.18332266846576342,-0.00017589605074672327,0.38961038961038963,-0.0005024701224531473,-0.9731956435043102,-0.9669249620069618,0.5014749262536873,0.7892107892107892,-0.0005063695133405886,,,9,1.0,-0.0009116882601088328,-0.0005063695133405886,-0.00014776441569842907,1.0,-0.0004010032909492392,0,FAIL,|t_is|>2; p_is<0.01; ho NW t>2 & p<0.05; wf>0 & p_wf<0.05; boot P(<=0)<0.05; trimmed wf>0
news_EURJPY_1.5_5_HM,news EURJPY thr=1.5 h=5 tier=HM,710,0.00012167986741855826,0.25235812743275615,0.23547952540350303,0.00024553269175102795,0.34765234765234765,-0.0013180311010015217,-1.9003737119574216,-1.7468054504295865,0.4642857142857143,0.9560439560439561,-0.0005827732743726431,,,9,1.0,-0.0012738178011792221,-0.0005827732743726431,0.0,1.0,-0.00020335800940230305,0,FAIL,|t_is|>2; p_is<0.01; ho NW t>2 & p<0.05; wf>0 & p_wf<0.05; boot P(<=0)<0.05; trimmed wf>0
news_EURJPY_2.0_5_HM,news EURJPY thr=2.0 h=5 tier=HM,377,0.0003028760350111706,0.4475255001392584,0.41894422304442747,0.0001986082884693532,0.2887112887112887,-0.0013740267498148157,-1.3730037776198043,-1.484011649804302,0.4316546762589928,0.9040959040959041,-0.0006088601565203851,,,9,1.0,-0.0013304094096680502,-0.0005493777713400733,-6.354478087043395e-05,1.0,-0.00023987821747008823,0,FAIL,|t_is|>2; p_is<0.01; ho NW t>2 & p<0.05; wf>0 & p_wf<0.05; boot P(<=0)<0.05; trimmed wf>0
news_GBPJPY_0.5_2_H,news GBPJPY thr=0.5 h=2 tier=H,544,0.0001253819426762109,0.179212238398447,0.1788684585236745,-0.00016255836502805052,0.3926073926073926,-0.0003692058529180714,-0.8240999253378795,-0.7628746428379469,0.4837758112094395,0.7542457542457542,-0.000568477002576622,,,9,1.0,-0.0009654330086703718,-0.0005505532951030759,-0.00018949041762511448,1.0,-0.00045363648358292895,0,FAIL,|t_is|>2; p_is<0.01; ho NW t>2 & p<0.05; wf>0 & p_wf<0.05; boot P(<=0)<0.05; trimmed wf>0
news_GBPJPY_1.0_5_H,news GBPJPY thr=1.0 h=5 tier=H,280,6.287400856651107e-05,0.04754679069267195,0.04458831838901826,-0.0010106788909188108,0.47152847152847155,-0.0016028436018315168,-1.753862988983653,-1.84827840205986,0.4726027397260274,0.9440559440559441,-0.0008457640691204368,,,8,1.0,-0.0019560777209726085,-0.0008457640691204368,0.0,1.0,-0.0003874763242591346,0,FAIL,|t_is|>2; p_is<0.01; ho NW t>2 & p<0.05; wf>0 & p_wf<0.05; boot P(<=0)<0.05; trimmed wf>0
