kind,key,commodity,months,label,mechanism,source,direction,sel_n,sel_mean,sel_t,n_hold,ho_mean,ho_t,win,p_mc,ho_h1,ho_h2,t212,net_mean_8%,net_t_8%,win_8%,net_mean_15%,net_t_15%,win_15%,net_mean_25%,net_t_25%,win_25%
grid,HE_8-8,HE,08-08,HE 08,single-month grid,grid,-1,14,-0.14570006835904545,-4.327358102957255,12,0.1387954936811642,5.6222148588766805,0.9166666666666666,0.000999000999000999,0.12063743461539235,0.156953552746936,Y,0.14462882701449753,5.85850677638508,0.9166666666666666,0.1387954936811642,5.6222148588766805,0.9166666666666666,0.13046216034783087,5.284654976721823,0.9166666666666666
named,HE_8-8,HE,08-08,Hogs Aug,prior-study claim (SHORT),ATLAS prior study,-1,14,-0.14570006835904545,-4.327358102957255,12,0.1387954936811642,5.6222148588766805,0.9166666666666666,0.000999000999000999,0.12063743461539235,0.156953552746936,Y,0.14462882701449753,5.85850677638508,0.9166666666666666,0.1387954936811642,5.6222148588766805,0.9166666666666666,0.13046216034783087,5.284654976721823,0.9166666666666666
named,HE_4-4,HE,04-04,Hogs Apr,prior-study claim (LONG),ATLAS prior study,1,14,0.07460454466238738,2.44278503099138,12,0.0570031489355482,3.2395726219895984,0.8333333333333334,0.003996003996003996,0.09193787453472828,0.022068423336368142,Y,0.06283648226888153,3.571089517362744,0.8333333333333334,0.0570031489355482,3.2395726219895984,0.8333333333333334,0.048669815602214866,2.765977057170818,0.75
grid,HE_4-4,HE,04-04,HE 04,single-month grid,grid,1,14,0.07460454466238738,2.44278503099138,12,0.0570031489355482,3.2395726219895984,0.8333333333333334,0.005994005994005994,0.09193787453472828,0.022068423336368142,Y,0.06283648226888153,3.571089517362744,0.8333333333333334,0.0570031489355482,3.2395726219895984,0.8333333333333334,0.048669815602214866,2.765977057170818,0.75
named,NG_12-2,NG,12-02,NatGas winter premium,space-heating demand peak,EIA 2013; CME,-1,14,-0.03493032889624664,-0.3410361105488754,11,0.2264921258551036,2.3247744371361123,0.7272727272727273,0.000999000999000999,0.11170014691682977,0.3221521083036651,?,0.24399212585510358,2.5043990156784535,0.7272727272727273,0.2264921258551036,2.3247744371361123,0.7272727272727273,0.2014921258551036,2.068167896361339,0.6363636363636364
grid,HE_12-12,HE,12-12,HE 12,single-month grid,grid,1,14,0.02507257276932648,1.3008076857356698,11,0.04703124790735744,2.005489737831047,0.7272727272727273,0.023976023976023976,0.08980505391390489,0.011386409568567889,Y,0.05286458124069076,2.254232662118149,0.8181818181818182,0.04703124790735744,2.005489737831047,0.7272727272727273,0.0386979145740241,1.6501427031351854,0.7272727272727273
grid,RB_9-9,RB,09-09,RB 09,single-month grid,grid,-1,14,-0.0787255903085559,-2.4189460228069715,11,0.0556042207997248,1.9827862932511855,0.6363636363636364,0.01098901098901099,0.05893905672546781,0.05282519086160562,Y,0.06143755413305814,2.190796642302886,0.6363636363636364,0.0556042207997248,1.9827862932511855,0.6363636363636364,0.04727088746639146,1.6856286517487558,0.6363636363636364
grid,ZC_7-7,ZC,07-07,ZC 07,single-month grid,grid,-1,14,-0.02620658652645913,-0.6768538510188615,12,0.04861573813319294,1.7646998779744258,0.75,0.001998001998001998,0.018667012545307286,0.0785644637210786,Y,0.05444907146652628,1.9764437086103956,0.75,0.04861573813319294,1.7646998779744258,0.75,0.04028240479985961,1.4622086913516112,0.75
grid,NG_12-12,NG,12-12,NG 12,single-month grid,grid,-1,15,-0.0272676827094273,-0.5122594517919963,11,0.10021167173420248,1.7244105091039572,0.6363636363636364,0.001998001998001998,0.042628525255008765,0.14819762713353055,?,0.1060450050675358,1.8247886499834611,0.6363636363636364,0.10021167173420248,1.7244105091039572,0.6363636363636364,0.09187833840086913,1.5810131649903794,0.6363636363636364
grid,ZW_9-9,ZW,09-09,ZW 09,single-month grid,grid,1,15,0.009209677734182102,0.3316518499229066,11,0.030753600623894692,1.6867383137635117,0.7272727272727273,0.022977022977022976,0.045904847121677375,0.01812756187574245,Y,0.03658693395722803,2.0066783087780236,0.7272727272727273,0.030753600623894692,1.6867383137635117,0.7272727272727273,0.022420267290561367,1.2296811780284953,0.6363636363636364
grid,ZC_12-12,ZC,12-12,ZC 12,single-month grid,grid,1,15,0.0592736539803238,3.1457017074258924,11,0.019720722078436972,1.5664167992490468,0.7272727272727273,0.030969030969030968,0.0032851267521835834,0.03341705151698147,Y,0.025554055411770308,2.0297584199366496,0.8181818181818182,0.019720722078436972,1.5664167992490468,0.7272727272727273,0.011387388745103644,0.9045001982667578,0.45454545454545453
named,ZC_12-12,ZC,12-12,Corn post-harvest low,harvest low + storage carry,CME grains course,1,15,0.0592736539803238,3.1457017074258924,11,0.019720722078436972,1.5664167992490468,0.7272727272727273,0.027972027972027972,0.0032851267521835834,0.03341705151698147,Y,0.025554055411770308,2.0297584199366496,0.8181818181818182,0.019720722078436972,1.5664167992490468,0.7272727272727273,0.011387388745103644,0.9045001982667578,0.45454545454545453
grid,HE_5-5,HE,05-05,HE 05,single-month grid,grid,1,14,0.012568230592796947,0.749192620368082,12,0.02972195874648405,1.4809606352057973,0.6666666666666666,0.04795204795204795,0.03838275369659396,0.021061163796374155,Y,0.03555529207981738,1.7716190373786493,0.75,0.02972195874648405,1.4809606352057973,0.6666666666666666,0.02138862541315072,1.0657343463874371,0.5833333333333334
grid,HE_2-2,HE,02-02,HE 02,single-month grid,grid,1,14,0.04914556062027109,2.786204477369939,12,0.035400979140272126,1.3817586680082539,0.5833333333333334,0.024975024975024976,-0.021821530233479224,0.09262348851402348,Y,0.04123431247360546,1.6094432996896832,0.5833333333333334,0.035400979140272126,1.3817586680082539,0.5833333333333334,0.0270676458069388,1.0564949084633555,0.5833333333333334
named,HE_2-2,HE,02-02,Hogs Feb,prior-study claim (LONG),ATLAS prior study,1,14,0.04914556062027109,2.786204477369939,12,0.035400979140272126,1.3817586680082539,0.5833333333333334,0.03396603396603397,-0.021821530233479224,0.09262348851402348,Y,0.04123431247360546,1.6094432996896832,0.5833333333333334,0.035400979140272126,1.3817586680082539,0.5833333333333334,0.0270676458069388,1.0564949084633555,0.5833333333333334
named,GC_1-1,GC,01-01,Gold January fade,post-holiday demand lull,SSRN 2598514,1,14,0.021583440321017992,1.478325757109203,12,0.013525723315383336,1.2834887210824248,0.75,0.01098901098901099,0.022934388973235586,0.004117057657531089,?,0.019359056648716667,1.8370278823583468,0.75,0.013525723315383336,1.2834887210824248,0.75,0.005192389982050005,0.4927184906882504,0.6666666666666666
grid,GC_1-1,GC,01-01,GC 01,single-month grid,grid,1,14,0.021583440321017992,1.478325757109203,12,0.013525723315383336,1.2834887210824248,0.75,0.012987012987012988,0.022934388973235586,0.004117057657531089,?,0.019359056648716667,1.8370278823583468,0.75,0.013525723315383336,1.2834887210824248,0.75,0.005192389982050005,0.4927184906882504,0.6666666666666666
named,RB_9-10,RB,09-10,Gasoline winter-blend switch,cheaper blend re-pricing,AAA winter-blend,-1,14,-0.16721013408060678,-2.3627281995600615,11,0.04295451672143736,1.2500628210273683,0.6363636363636364,0.06893106893106893,0.05558310780652888,0.03243069081719442,Y,0.05462118338810402,1.5895862834818022,0.6363636363636364,0.04295451672143736,1.2500628210273683,0.6363636363636364,0.02628785005477068,0.7650293032353193,0.6363636363636364
grid,LE_10-10,LE,10-10,LE 10,single-month grid,grid,1,14,0.014783902134589978,1.2015459576698473,11,0.014314649149459884,1.1746454848441827,0.5454545454545454,0.006993006993006993,0.04013159178829891,-0.007199469716239317,Y,0.020147982482793206,1.6533228586343462,0.6363636363636364,0.014314649149459884,1.1746454848441827,0.5454545454545454,0.00598131581612655,0.490820665143948,0.5454545454545454
named,HE_10-10,HE,10-10,Hogs Oct,prior-study claim (SHORT),ATLAS prior study,-1,14,-0.06022228805243102,-2.2901638615424136,11,0.03848466307189008,1.0474825404094843,0.6363636363636364,0.03896103896103896,-0.010027913469587674,0.0789118101897882,Y,0.04431799640522341,1.2062552652126386,0.7272727272727273,0.03848466307189008,1.0474825404094843,0.6363636363636364,0.03015132973855675,0.8206643621192637,0.6363636363636364
grid,HE_10-10,HE,10-10,HE 10,single-month grid,grid,-1,14,-0.06022228805243102,-2.2901638615424136,11,0.03848466307189008,1.0474825404094843,0.6363636363636364,0.03996003996003996,-0.010027913469587674,0.0789118101897882,Y,0.04431799640522341,1.2062552652126386,0.7272727272727273,0.03848466307189008,1.0474825404094843,0.6363636363636364,0.03015132973855675,0.8206643621192637,0.6363636363636364
grid,SB_3-3,SB,03-03,SB 03,single-month grid,grid,-1,14,-0.0808748687679209,-2.3487957898227285,12,0.03496796116742787,0.9941729879120841,0.5,0.005994005994005994,0.08797081051396162,-0.01803488817910589,Y,0.04080129450076121,1.1600203017351491,0.5,0.03496796116742787,0.9941729879120841,0.5,0.026634627834094534,0.757248253879134,0.5
grid,SB_9-9,SB,09-09,SB 09,single-month grid,grid,1,15,0.0063668065898801985,0.23617785549130108,11,0.019376481944026084,0.9399895569721152,0.6363636363636364,0.03996003996003996,0.022450750066360426,0.016814591842080805,Y,0.025209815277359424,1.222975520652752,0.6363636363636364,0.019376481944026084,0.9399895569721152,0.6363636363636364,0.011043148610692756,0.5357238945712063,0.45454545454545453
grid,ZS_8-8,ZS,08-08,ZS 08,single-month grid,grid,-1,14,-0.012451660613900462,-0.6648346092508942,12,0.014501510369260532,0.8821389989469881,0.6666666666666666,0.01098901098901099,0.019226210210346262,0.009776810528174796,Y,0.02033484370259387,1.2369855422490266,0.6666666666666666,0.014501510369260532,0.8821389989469881,0.6666666666666666,0.006168177035927198,0.375215365658362,0.6666666666666666
grid,RB_4-4,RB,04-04,RB 04,single-month grid,grid,1,14,0.03110866841566476,1.1690866826970647,12,0.024544024866209598,0.8657729233550375,0.6666666666666666,0.0959040959040959,0.059761153702905113,-0.01067310397048593,Y,0.03037735819954293,1.071539584708829,0.6666666666666666,0.024544024866209598,0.8657729233550375,0.6666666666666666,0.01621069153287626,0.5718205499924782,0.6666666666666666
grid,LE_5-5,LE,05-05,LE 05,single-month grid,grid,-1,14,-0.03576966495104771,-2.4526893523426962,12,0.01743071494361677,0.8633041697309185,0.5833333333333334,0.001998001998001998,0.03232039693743117,0.0025410329498023825,Y,0.0232640482769501,1.1522160707279119,0.5833333333333334,0.01743071494361677,0.8633041697309185,0.5833333333333334,0.009097381610283442,0.4505728825923565,0.5
named,LE_5-5,LE,05-05,Cattle May,prior-study claim (SHORT),ATLAS prior study,-1,14,-0.03576966495104771,-2.4526893523426962,12,0.01743071494361677,0.8633041697309185,0.5833333333333334,0.002997002997002997,0.03232039693743117,0.0025410329498023825,Y,0.0232640482769501,1.1522160707279119,0.5833333333333334,0.01743071494361677,0.8633041697309185,0.5833333333333334,0.009097381610283442,0.4505728825923565,0.5
grid,PA_5-5,PA,05-05,PA 05,single-month grid,grid,-1,13,-0.02172621860789072,-0.8394112693588955,12,0.015039703437315559,0.8164842956188024,0.5833333333333334,0.03396603396603397,-0.008839840998890581,0.038919247873521697,?,0.020873036770648886,1.1331677380568443,0.5833333333333334,0.015039703437315559,0.8164842956188024,0.5833333333333334,0.006706370103982218,0.3640793778501703,0.5
grid,CC_4-4,CC,04-04,CC 04,single-month grid,grid,1,15,0.009884776723960898,0.40159118191049903,12,0.01616853376607993,0.7871537364032839,0.75,0.07792207792207792,0.013780092263369353,0.01855697526879051,?,0.022001867099413264,1.0711454820649824,0.75,0.01616853376607993,0.7871537364032839,0.75,0.0078352004327466,0.38145124260085755,0.5833333333333334
grid,NG_1-1,NG,01-01,NG 01,single-month grid,grid,-1,14,-0.06700161279048834,-1.2611863208185439,12,0.04389448690127055,0.7717185381631088,0.5833333333333334,0.03996003996003996,0.04759494051574217,0.040194033286798915,?,0.04972782023460387,0.8742756424924869,0.5833333333333334,0.04389448690127055,0.7717185381631088,0.5833333333333334,0.03556115356793721,0.6252083891211396,0.5833333333333334
grid,LB_11-11,LB,11-11,LB 11,single-month grid,grid,1,15,0.06125254473975635,3.043492882937382,8,0.03841668406871041,0.7341134136012788,0.625,0.1068931068931069,-0.026799238597191896,0.10363260673461272,?,0.04425001740204374,0.8455839465173492,0.625,0.03841668406871041,0.7341134136012788,0.625,0.03008335073537708,0.5748697951497499,0.5
grid,KC_11-11,KC,11-11,KC 11,single-month grid,grid,1,15,0.015044688966906297,0.7246406465258888,11,0.02650133259670123,0.7222630812728495,0.5454545454545454,0.028971028971028972,-0.04413758079879011,0.08536709375961067,?,0.03233466593003456,0.8812438152435403,0.5454545454545454,0.02650133259670123,0.7222630812728495,0.5454545454545454,0.018167999263367905,0.4951477470290057,0.5454545454545454
grid,ZW_12-12,ZW,12-12,ZW 12,single-month grid,grid,1,15,0.021332827767964038,0.8922759588620073,11,0.009983859785477115,0.7220555938790594,0.6363636363636364,0.07792207792207792,0.005309919221285514,0.01387881025563678,Y,0.015817193118810448,1.143935613710811,0.7272727272727273,0.009983859785477115,0.7220555938790594,0.6363636363636364,0.0016505264521437827,0.11936985126227138,0.45454545454545453
grid,SI_12-12,SI,12-12,SI 12,single-month grid,grid,1,15,7.349187984690066e-05,0.003032390452821243,11,0.019219859689302735,0.7181151231908449,0.5454545454545454,0.058941058941058944,-0.001127846127608649,0.03617628120339556,?,0.025053193022636065,0.936067020498993,0.6363636363636364,0.019219859689302735,0.7181151231908449,0.5454545454545454,0.010886526355969406,0.4067552698934903,0.5454545454545454
grid,ZM_10-10,ZM,10-10,ZM 10,single-month grid,grid,1,15,0.049144035300167345,2.0568701378492036,11,0.01838370719745226,0.6995015948602966,0.5454545454545454,0.030969030969030968,-0.0071754397021644295,0.03968299628046617,N,0.02421704053078559,0.921460415580847,0.6363636363636364,0.01838370719745226,0.6995015948602966,0.5454545454545454,0.010050373864118927,0.3824175652595105,0.45454545454545453
grid,RB_11-11,RB,11-11,RB 11,single-month grid,grid,-1,14,-0.03341879820320125,-1.1824869632387487,11,0.023238099934919567,0.6984164886487522,0.6363636363636364,0.09490509490509491,0.025719930233643308,0.021169908019316452,Y,0.029071433268252896,0.8737361660403749,0.7272727272727273,0.023238099934919567,0.6984164886487522,0.6363636363636364,0.014904766601586229,0.44795980666071955,0.36363636363636365
grid,NG_4-4,NG,04-04,NG 04,single-month grid,grid,1,14,0.013267727172535385,0.5569202048566516,12,0.022921100613454665,0.6672011572259121,0.5833333333333334,0.12387612387612387,0.02351163097819997,0.022330570248709367,?,0.028754433946787995,0.8370013259054161,0.6666666666666666,0.022921100613454665,0.6672011572259121,0.5833333333333334,0.014587767280121337,0.4246294876837635,0.5833333333333334
grid,NG_10-10,NG,10-10,NG 10,single-month grid,grid,1,15,0.06473731940279923,1.6093268745460587,11,0.024850694359010495,0.6093740473060638,0.5454545454545454,0.13586413586413587,-0.006096199739993968,0.05063977277484755,?,0.030684027692343827,0.7524156014479839,0.5454545454545454,0.024850694359010495,0.6093740473060638,0.5454545454545454,0.016517361025677163,0.40502896996046395,0.5454545454545454
grid,OJ_5-5,OJ,05-05,OJ 05,single-month grid,grid,1,13,0.003251458304477521,0.12247536688746123,12,0.016814185729617803,0.5877728050764988,0.75,0.03996003996003996,0.026489089792940415,0.0071392816662951926,?,0.022647519062951135,0.7916884005989179,0.75,0.016814185729617803,0.5877728050764988,0.75,0.008480852396284473,0.29646481147304293,0.5833333333333334
grid,SB_10-10,SB,10-10,SB 10,single-month grid,grid,1,15,0.020219554946652736,1.5633965607422213,11,0.017738574983006218,0.5837600738033636,0.5454545454545454,0.030969030969030968,0.07541338900911712,-0.030323770038752862,Y,0.023571908316339554,0.7757296711610194,0.5454545454545454,0.017738574983006218,0.5837600738033636,0.5454545454545454,0.009405241649672887,0.30951779186385553,0.45454545454545453
grid,SI_1-1,SI,01-01,SI 01,single-month grid,grid,1,14,0.034805854275659805,1.6391525451760203,12,0.00884224544584377,0.5691853510360614,0.5,0.12187812187812187,0.01917611589517443,-0.0014916250034868901,?,0.014675578779177098,0.9446836225304749,0.5,0.00884224544584377,0.5691853510360614,0.5,0.0005089121125104375,0.032759248901184014,0.4166666666666667
grid,LB_12-12,LB,12-12,LB 12,single-month grid,grid,1,15,0.0029869105561030947,0.1055924642586716,8,0.033336387398871126,0.5622709297567935,0.5,0.13386613386613386,-0.01684528915173522,0.08351806394947744,?,0.03916972073220444,0.6606593279257471,0.5,0.033336387398871126,0.5622709297567935,0.5,0.02500305406553778,0.4217160752297163,0.5
grid,ZW_11-11,ZW,11-11,ZW 11,single-month grid,grid,-1,15,-0.0018293077183125347,-0.09771682757644393,11,0.011141912828415925,0.5559786171814214,0.5454545454545454,0.09090909090909091,0.0064342715881519795,0.015064947195302547,Y,0.016975246161749263,0.8470604673242085,0.5454545454545454,0.011141912828415925,0.5559786171814214,0.5454545454545454,0.002808579495082595,0.14014740269172615,0.45454545454545453
grid,RB_2-2,RB,02-02,RB 02,single-month grid,grid,1,14,0.03472000135559537,1.4816848536078016,12,0.016898772715901577,0.5515744265861882,0.5,0.15384615384615385,0.006370332113179535,0.027427213318623616,Y,0.022732106049234913,0.7419739036672535,0.5,0.016898772715901577,0.5515744265861882,0.5,0.008565439382568237,0.2795751736132378,0.5
grid,RB_3-3,RB,03-03,RB 03,single-month grid,grid,1,14,0.12457478197720892,4.027893461027388,12,0.04870696755575348,0.5161425138548816,0.8333333333333334,0.026973026973026972,-0.05452888924234076,0.1519428243538477,Y,0.05454030088908681,0.577957721861287,0.8333333333333334,0.04870696755575348,0.5161425138548816,0.8333333333333334,0.04037363422242013,0.4278350738457308,0.8333333333333334
grid,HO_11-11,HO,11-11,HO 11,single-month grid,grid,-1,15,-0.009509436888069633,-0.4231228464454099,11,0.020101837896087132,0.5119864561771527,0.5454545454545454,0.07292707292707293,0.022322647165561944,0.018251163504858132,?,0.025935171229420472,0.6605593218261557,0.5454545454545454,0.020101837896087132,0.5119864561771527,0.5454545454545454,0.011768504562753811,0.2997395052500058,0.5454545454545454
named,GF_5-5,GF,05-05,Feeder Cattle May,prior-study claim (LONG),ATLAS prior study,1,14,0.03473631829966504,2.683870071695088,12,0.008982570328348547,0.481621993526394,0.5833333333333334,0.000999000999000999,0.0009658295349194943,0.0169993111217776,N,0.014815903661681873,0.7943901129183948,0.5833333333333334,0.008982570328348547,0.481621993526394,0.5833333333333334,0.0006492369950152066,0.03481039439496346,0.5833333333333334
grid,GF_5-5,GF,05-05,GF 05,single-month grid,grid,1,14,0.03473631829966504,2.683870071695088,12,0.008982570328348547,0.481621993526394,0.5833333333333334,0.000999000999000999,0.0009658295349194943,0.0169993111217776,N,0.014815903661681873,0.7943901129183948,0.5833333333333334,0.008982570328348547,0.481621993526394,0.5833333333333334,0.0006492369950152066,0.03481039439496346,0.5833333333333334
grid,ZO_10-10,ZO,10-10,ZO 10,single-month grid,grid,1,14,0.003321995022440289,0.12423789434554258,11,0.013928267220058937,0.4596294297761366,0.5454545454545454,0.04395604395604396,0.046650903736244226,-0.013340596543428807,?,0.01976160055339227,0.6521280106357006,0.5454545454545454,0.013928267220058937,0.4596294297761366,0.5454545454545454,0.005594933886725598,0.1846314571196164,0.5454545454545454
grid,ZS_7-7,ZS,07-07,ZS 07,single-month grid,grid,-1,14,-0.045917865099791996,-1.22903971482632,12,0.008033533380750682,0.4420941502616174,0.5833333333333334,0.03296703296703297,-0.002369496346532104,0.018436563108033464,Y,0.013866866714084013,0.7631088795178724,0.6666666666666666,0.008033533380750682,0.4420941502616174,0.5833333333333334,-0.0002997999525826504,-0.01649832010446131,0.5
grid,PL_12-12,PL,12-12,PL 12,single-month grid,grid,1,12,0.005193594239006632,0.3504373778390602,11,0.00881466143568017,0.42368369040475273,0.5454545454545454,0.025974025974025976,-0.010454686100947845,0.02487245104953685,?,0.014647994769013501,0.7040674818937351,0.5454545454545454,0.00881466143568017,0.42368369040475273,0.5454545454545454,0.0004813281023468336,0.02313541684906324,0.45454545454545453
named,NG_3-4,NG,03-04,NatGas shoulder collapse,injection season oversupply,EIA 2013,1,14,0.004287753248515229,0.07377761306243592,12,0.019658575351827523,0.37958692897291046,0.5,0.1108891108891109,0.03555358152669875,0.003763569176956305,?,0.0313252420184942,0.6048582974263187,0.5,0.019658575351827523,0.37958692897291046,0.5,0.0029919086851608553,0.057770688325184776,0.4166666666666667
named,SB_2-3,SB,02-03,Sugar harvest,main-crop harvest pressure,ag seasonality study,-1,14,-0.08870501163209961,-1.8640098564827967,12,0.01495529908599339,0.37151055672811034,0.5,0.029970029970029972,0.07251233350543185,-0.042601735333445086,Y,0.026621965752660046,0.6613268822708046,0.5,0.01495529908599339,0.37151055672811034,0.5,-0.0017113675806732856,-0.04251276547573906,0.5
grid,LB_9-9,LB,09-09,LB 09,single-month grid,grid,-1,15,-0.07089240353984055,-2.446242494247054,8,0.02677291305023564,0.35999461712089975,0.375,0.14885114885114886,3.393988788023827e-05,0.053511886212591044,?,0.03260624638356896,0.4384309305669417,0.375,0.02677291305023564,0.35999461712089975,0.375,0.0184395797169023,0.24794274076941084,0.375
grid,LB_1-1,LB,01-01,LB 01,single-month grid,grid,1,14,0.029117499712850818,1.0643382507314243,9,0.01748781514496261,0.3509050871100661,0.5555555555555556,0.15884115884115885,-0.03807202685151294,0.06193568874214306,?,0.023321148478295937,0.4679549486569506,0.5555555555555556,0.01748781514496261,0.3509050871100661,0.5555555555555556,0.009154481811629277,0.1836909991859452,0.4444444444444444
grid,CL_11-11,CL,11-11,CL 11,single-month grid,grid,-1,15,-0.02804579517323215,-1.234004474296839,11,0.012512626697047202,0.3046066495685867,0.5454545454545454,0.14385614385614387,0.020705368272667363,0.005685342050697064,?,0.018345960030380533,0.4466129737005723,0.5454545454545454,0.012512626697047202,0.3046066495685867,0.5454545454545454,0.00417929336371387,0.10174047223717861,0.5454545454545454
grid,NG_5-5,NG,05-05,NG 05,single-month grid,grid,1,14,0.004887497086183508,0.17788571495564637,12,0.007376491157136157,0.24651055855237233,0.5,0.2047952047952048,-0.04556882018555836,0.06032180249983068,?,0.013209824490469486,0.44145124614894643,0.5,0.007376491157136157,0.24651055855237233,0.5,-0.0009568421761971766,-0.03197613801416229,0.4166666666666667
grid,HG_2-2,HG,02-02,HG 02,single-month grid,grid,1,14,0.02713848271143497,1.5163165337236402,12,0.002972198413833603,0.2150310729226285,0.5,0.08591408591408592,-0.0014801037020781857,0.007424500529745391,?,0.008805531747166936,0.6370580545480293,0.5,0.002972198413833603,0.2150310729226285,0.5,-0.005361134919499727,-0.3878646151136582,0.3333333333333333
named,CL_4-5,CL,04-05,Crude spring peak,refinery turnaround + demand,MacroMicro season chart,1,14,0.014759499142381333,0.4321140218014291,12,0.011361476565755998,0.18520053301977682,0.4166666666666667,0.1958041958041958,0.10699883556383823,-0.08427588243232621,?,0.02302814323242268,0.3753758920697701,0.5,0.011361476565755998,0.18520053301977682,0.4166666666666667,-0.0053051901009106605,-0.08647855133735606,0.4166666666666667
grid,ZR_11-11,ZR,11-11,ZR 11,single-month grid,grid,1,15,0.03347264705580564,1.7375106785925511,11,0.0020957586218908527,0.1775934147580914,0.45454545454545453,0.01998001998001998,0.004452189575330397,0.00013206616069123475,Y,0.007929091955224182,0.6719068224510975,0.5454545454545454,0.0020957586218908527,0.1775934147580914,0.45454545454545453,-0.006237574711442484,-0.5285685962319181,0.45454545454545453
named,CC_12-1,CC,12-01,Cocoa post-holiday,demand fade into new year,softs seasonality,-1,15,-0.0029245165479914307,-0.047974722768953024,11,0.018944303615819193,0.17438118569118521,0.5454545454545454,0.08791208791208792,0.010822002672428891,0.025712887735311125,?,0.03061097028248587,0.2817721570171686,0.5454545454545454,0.018944303615819193,0.17438118569118521,0.5454545454545454,0.0022776369491525465,0.020965512368352104,0.5454545454545454
grid,HO_6-6,HO,06-06,HO 06,single-month grid,grid,1,14,0.02414553916868115,1.7642893473396632,12,0.003915770042150272,0.16760348019178758,0.5,0.18081918081918083,0.0013868240054684445,0.006444716078832099,?,0.009749103375483603,0.4172828426827853,0.5,0.003915770042150272,0.16760348019178758,0.5,-0.00441756329118306,-0.18908132336678068,0.5
grid,ZC_6-6,ZC,06-06,ZC 06,single-month grid,grid,-1,14,-0.03725523814576916,-1.0837730822895,12,0.004067627782474427,0.15959577513042855,0.5,0.13186813186813187,-0.011221323146722398,0.01935657871167126,Y,0.00990096111580776,0.3884700489611494,0.5833333333333334,0.004067627782474427,0.15959577513042855,0.5,-0.0042657055508589035,-0.16736747319917256,0.5
grid,BZ_11-11,BZ,11-11,BZ 11,single-month grid,grid,-1,8,-0.03885321279115438,-1.0761862713315473,11,0.00623298341434865,0.158568443001375,0.5454545454545454,0.15684315684315683,0.020761539660787882,-0.00587414679101738,?,0.012066316747681972,0.3069697017060472,0.5454545454545454,0.00623298341434865,0.158568443001375,0.5454545454545454,-0.0021003499189846866,-0.05343335514815734,0.45454545454545453
grid,ZS_11-11,ZS,11-11,ZS 11,single-month grid,grid,1,15,0.011213046011157864,0.7740505719863237,11,0.0016326000444758112,0.13641282340461883,0.5454545454545454,0.07092907092907093,-0.011330855442092044,0.012435479616615694,Y,0.007465933377809144,0.6238203011593862,0.5454545454545454,0.0016326000444758112,0.13641282340461883,0.5454545454545454,-0.006700733288857521,-0.5598835733879061,0.45454545454545453
grid,ZL_9-9,ZL,09-09,ZL 09,single-month grid,grid,-1,15,-0.03380875682697872,-1.162533174329575,11,0.002165818951612576,0.13604583856637573,0.45454545454545453,0.11688311688311688,-0.018101205351232434,0.019055005870650083,Y,0.007999152284945903,0.5024664594495954,0.45454545454545453,0.002165818951612576,0.13604583856637573,0.45454545454545453,-0.006167514381720756,-0.3874121912667959,0.36363636363636365
grid,NG_9-9,NG,09-09,NG 09,single-month grid,grid,1,15,0.09516401350374264,2.2146718960841736,11,0.006612774263254174,0.13081181559851685,0.45454545454545453,0.24175824175824176,-0.03392293199509382,0.04039252947854418,?,0.012446107596587512,0.24620497646367734,0.45454545454545453,0.006612774263254174,0.13081181559851685,0.45454545454545453,-0.0017205590700791523,-0.0340355570659979,0.36363636363636365
grid,SI_7-7,SI,07-07,SI 07,single-month grid,grid,1,14,0.03025842113958706,1.8768801459830624,12,0.0033261412353818736,0.13023393519677695,0.3333333333333333,0.16783216783216784,0.029780549018238067,-0.023128266547474328,?,0.009159474568715199,0.35863612907634934,0.3333333333333333,0.0033261412353818736,0.13023393519677695,0.3333333333333333,-0.005007192097951459,-0.19605491320261262,0.3333333333333333
named,ZC_7-9,ZC,07-09,Corn harvest pressure,new-crop supply into Sep,CME grains course,-1,14,-0.04330416863778356,-0.7404008313515954,11,0.0038894751390852428,0.11836381780656853,0.5454545454545454,0.04995004995004995,-0.004263862477867406,0.010683923153212442,Y,0.02138947513908523,0.650920714956992,0.6363636363636364,0.0038894751390852428,0.11836381780656853,0.5454545454545454,-0.02111052486091476,-0.6424317495511798,0.36363636363636365
grid,CC_11-11,CC,11-11,CC 11,single-month grid,grid,1,15,0.01935975380995898,0.6543967488218552,11,0.004963018857560791,0.11817792106373398,0.45454545454545453,0.14585414585414586,-0.04919313745043933,0.05009314911422755,?,0.01079635219089412,0.25707951019529823,0.45454545454545453,0.004963018857560791,0.11817792106373398,0.45454545454545453,-0.0033703144757725404,-0.08025292055278647,0.45454545454545453
grid,CL_4-4,CL,04-04,CL 04,single-month grid,grid,1,14,0.009461212300238402,0.45148009011428125,12,0.0034551269480109573,0.10689985343418261,0.5833333333333334,0.22377622377622378,0.04237324241648214,-0.03546298852046022,?,0.009288460281344281,0.2873801911320629,0.5833333333333334,0.0034551269480109573,0.10689985343418261,0.5833333333333334,-0.004878206385322381,-0.1509292004199327,0.5833333333333334
grid,ZL_4-4,ZL,04-04,ZL 04,single-month grid,grid,1,15,0.01694697216850131,1.1674182085530604,12,0.002843031950844304,0.08186868103223884,0.4166666666666667,0.13086913086913088,-0.04754222978505033,0.053228293686738946,Y,0.008676365284177633,0.24984685161859757,0.4166666666666667,0.002843031950844304,0.08186868103223884,0.4166666666666667,-0.005490301382489027,-0.15810013409113094,0.4166666666666667
grid,ZW_5-5,ZW,05-05,ZW 05,single-month grid,grid,1,14,0.02505280217033558,1.040925777820308,12,0.001452265292712877,0.0625932366717789,0.5833333333333334,0.16283716283716285,0.014592417662807647,-0.011687887077381892,Y,0.007285598626046208,0.3140123236325649,0.5833333333333334,0.001452265292712877,0.0625932366717789,0.5833333333333334,-0.0068810680406204555,-0.2965768875579155,0.3333333333333333
grid,HG_11-11,HG,11-11,HG 11,single-month grid,grid,1,15,0.003878398879651589,0.20257531973373097,11,0.0009271973081178966,0.03700983587470117,0.45454545454545453,0.13186813186813187,-0.008734319017303479,0.008978460912635712,?,0.006760530641451231,0.26985208787317105,0.5454545454545454,0.0009271973081178966,0.03700983587470117,0.45454545454545453,-0.007406136025215432,-0.2956219526945412,0.45454545454545453
grid,ZO_7-7,ZO,07-07,ZO 07,single-month grid,grid,-1,15,-0.021200189346251046,-0.7135566727894221,12,0.0008498884124586622,0.018894750596585203,0.5,0.13086913086913088,0.037050442847658537,-0.035350666022741215,?,0.006683221745791989,0.14858163285589734,0.5,0.0008498884124586622,0.018894750596585203,0.5,-0.007483444920874674,-0.16637222405957525,0.5
grid,HE_9-9,HE,09-09,HE 09,single-month grid,grid,1,14,0.04200768667150095,1.7226404599581213,11,-0.0003608039025247407,-0.008187139309079192,0.5454545454545454,0.2707292707292707,-0.0343363493912071,0.027952150671377237,Y,0.00547252943080859,0.1241792577894678,0.5454545454545454,-0.0003608039025247407,-0.008187139309079192,0.5454545454545454,-0.008694137235858067,-0.19728199230700338,0.36363636363636365
grid,CL_5-5,CL,05-05,CL 05,single-month grid,grid,1,14,0.005298286842142891,0.16682955239900366,12,-0.001293650382254934,-0.021125184910049874,0.4166666666666667,0.2677322677322677,0.05542559314735612,-0.058012893911866,?,0.00453968295107839,0.0741325810203587,0.4166666666666667,-0.001293650382254934,-0.021125184910049874,0.4166666666666667,-0.009626983715588275,-0.15720770766777675,0.4166666666666667
grid,PL_3-3,PL,03-03,PL 03,single-month grid,grid,-1,12,-0.006599649946438504,-0.48195442641549496,12,-0.0012605644009342938,-0.05160231609293915,0.5,0.058941058941058944,0.020171984844306157,-0.022693113646174743,?,0.004572768932399035,0.18719033132677404,0.5,-0.0012605644009342938,-0.05160231609293915,0.5,-0.009593897734267628,-0.39273466954967257,0.3333333333333333
grid,CC_8-8,CC,08-08,CC 08,single-month grid,grid,1,15,0.004882742312810069,0.20311385450269617,12,-0.0013788603593659805,-0.056241384321098646,0.5,0.2057942057942058,-0.020174955670644392,0.01741723495191243,?,0.004454472973967355,0.18169042628220924,0.5833333333333334,-0.0013788603593659805,-0.056241384321098646,0.5,-0.00971219369269931,-0.3961439708972525,0.5
named,HO_1-2,HO,01-02,HeatingOil post-winter fade,mild demand after peak,EIA; MacroMicro,1,14,0.04617254595916902,1.2257123919897042,12,-0.0032863120404109706,-0.06230320818851573,0.5,0.21878121878121878,-0.05858705134207318,0.05201442726125124,?,0.008380354626255698,0.15887808964966865,0.5,-0.0032863120404109706,-0.06230320818851573,0.5,-0.01995297870707763,-0.3782764908144932,0.4166666666666667
grid,CL_8-8,CL,08-08,CL 08,single-month grid,grid,-1,14,-0.0018824095338238927,-0.10325419793038935,12,-0.0011216692553061615,-0.06304333405764492,0.5833333333333334,0.26173826173826176,-0.03712198932800547,0.03487865081739314,?,0.004711664078027172,0.2648187164204615,0.5833333333333334,-0.0011216692553061615,-0.06304333405764492,0.5833333333333334,-0.009455002588639497,-0.5314176918835113,0.5833333333333334
grid,GC_12-12,GC,12-12,GC 12,single-month grid,grid,1,15,0.0060886626866577314,0.41757972961054535,11,-0.0005495557812080009,-0.07139727630911594,0.6363636363636364,0.13686313686313686,-0.005960160455786028,0.003959281447607024,?,0.005283777552125334,0.6864586612404551,0.6363636363636364,-0.0005495557812080009,-0.07139727630911594,0.6363636363636364,-0.008882889114541333,-1.1540486156656453,0.36363636363636365
grid,ZL_10-10,ZL,10-10,ZL 10,single-month grid,grid,1,15,0.01727223805034222,0.6954442725105033,11,-0.001963492816001684,-0.11153250896364818,0.6363636363636364,0.16383616383616384,0.011834637831466379,-0.013461935022225069,Y,0.003869840517331644,0.21981899738552965,0.6363636363636364,-0.001963492816001684,-0.11153250896364818,0.6363636363636364,-0.010296826149335015,-0.5848918037481884,0.6363636363636364
grid,CT_11-11,CT,11-11,CT 11,single-month grid,grid,1,15,0.0024706469654597355,0.10952991950735841,11,-0.0022281432519617676,-0.11215418860849564,0.36363636363636365,0.14185814185814186,-0.004549303551103322,-0.00029384300267713825,Y,0.0036051900813715604,0.18146821035838934,0.45454545454545453,-0.0022281432519617676,-0.11215418860849564,0.36363636363636365,-0.010561476585295099,-0.5316147585611888,0.36363636363636365
grid,NG_7-7,NG,07-07,NG 07,single-month grid,grid,-1,14,-0.022786970665392845,-0.5337403840750425,12,-0.0056568817649282,-0.12062037587606769,0.6666666666666666,0.2997002997002997,0.002314373852403309,-0.013628137382259714,?,0.0001764515684051273,0.003762435806401952,0.6666666666666666,-0.0056568817649282,-0.12062037587606769,0.6666666666666666,-0.01399021509826154,-0.2983101068510247,0.5833333333333334
grid,HO_1-1,HO,01-01,HO 01,single-month grid,grid,1,14,0.01479459469486692,0.7985720799925736,12,-0.004647835131276236,-0.12465235381379261,0.5,0.27972027972027974,-0.0809432697303077,0.07164759946775523,?,0.001185498202057091,0.031794402588427945,0.5,-0.004647835131276236,-0.12465235381379261,0.5,-0.01298116846460956,-0.34814772010267914,0.5
grid,CL_1-1,CL,01-01,CL 01,single-month grid,grid,1,14,0.01124002734279155,0.6728009855482255,12,-0.004149230108586436,-0.13426403434232523,0.5,0.27672327672327673,-0.05029962617006658,0.042001165952893695,?,0.001684103224746895,0.05449552984191342,0.5,-0.004149230108586436,-0.13426403434232523,0.5,-0.012482563441919775,-0.4039205546055236,0.5
named,CL_1-1,CL,01-01,Crude January trough,post-holiday demand lull,MacroMicro season chart,1,14,0.01124002734279155,0.6728009855482255,12,-0.004149230108586436,-0.13426403434232523,0.5,0.27672327672327673,-0.05029962617006658,0.042001165952893695,?,0.001684103224746895,0.05449552984191342,0.5,-0.004149230108586436,-0.13426403434232523,0.5,-0.012482563441919775,-0.4039205546055236,0.5
grid,SI_6-6,SI,06-06,SI 06,single-month grid,grid,-1,14,-0.04182201188971692,-2.1484067530897812,12,-0.0040413439893807026,-0.1452545846229071,0.5833333333333334,0.2817182817182817,-0.039093686055031406,0.031010998076270002,?,0.0017919893439526287,0.06440794658620548,0.5833333333333334,-0.0040413439893807026,-0.1452545846229071,0.5833333333333334,-0.012374677322714031,-0.44477248635021077,0.4166666666666667
grid,CT_5-5,CT,05-05,CT 05,single-month grid,grid,-1,15,-0.02677587067434944,-0.9897327216184159,12,-0.0025793606830579042,-0.1541420464817698,0.5,0.16683316683316685,-0.007825035460836939,0.0026663140947211315,Y,0.0032539726502754233,0.19445671433377512,0.5833333333333334,-0.0025793606830579042,-0.1541420464817698,0.5,-0.010912694016391236,-0.6521402762182629,0.5
named,CT_5-5,CT,05-05,Cotton planting,planting weather premium,ag seasonality study,-1,15,-0.02677587067434944,-0.9897327216184159,12,-0.0025793606830579042,-0.1541420464817698,0.5,0.13886113886113885,-0.007825035460836939,0.0026663140947211315,Y,0.0032539726502754233,0.19445671433377512,0.5833333333333334,-0.0025793606830579042,-0.1541420464817698,0.5,-0.010912694016391236,-0.6521402762182629,0.5
grid,OJ_4-4,OJ,04-04,OJ 04,single-month grid,grid,-1,13,-0.021840485035341008,-1.1286324743431384,12,-0.006118691869980629,-0.17085500482718832,0.4166666666666667,0.1848151848151848,0.05345205477169504,-0.06568943851165628,?,-0.00028535853664729435,-0.007968195685021023,0.4166666666666667,-0.006118691869980629,-0.17085500482718832,0.4166666666666667,-0.014452025203313958,-0.4035504464588557,0.4166666666666667
named,ZC_5-6,ZC,05-06,Corn planting premium,weather risk in planting window,CME grains course,-1,14,-0.03248943364608994,-1.0225796354828083,12,-0.005863850724685177,-0.18737578661582444,0.5833333333333334,0.14085914085914086,-0.0734515530646465,0.06172385161527615,Y,0.005802815941981498,0.18542545722359016,0.6666666666666666,-0.005863850724685177,-0.18737578661582444,0.5833333333333334,-0.02253051739135184,-0.719948992100702,0.5833333333333334
grid,NG_11-11,NG,11-11,NG 11,single-month grid,grid,1,15,0.006318360363075557,0.17473680723400484,11,-0.011465840056939486,-0.20518193353181402,0.5454545454545454,0.3866133866133866,0.031751407236069305,-0.047480212801113454,?,-0.005632506723606142,-0.10079406431986568,0.5454545454545454,-0.011465840056939486,-0.20518193353181402,0.5454545454545454,-0.019799173390272803,-0.3543074609774539,0.5454545454545454
grid,LB_6-6,LB,06-06,LB 06,single-month grid,grid,-1,14,-0.02202338110092027,-1.1598068356441582,8,-0.019101304320538137,-0.21397868189737365,0.25,0.4025974025974026,-0.052250982292981016,0.014048373651904754,?,-0.013267970987204801,-0.14863188898791882,0.25,-0.019101304320538137,-0.21397868189737365,0.25,-0.02743463765387148,-0.30733124319659494,0.25
grid,PL_6-6,PL,06-06,PL 06,single-month grid,grid,-1,11,-0.007741562333930604,-0.5332321008896996,12,-0.007116476064624441,-0.22503345703004116,0.4166666666666667,0.0919080919080919,-0.02671524366838583,0.012482291539136945,?,-0.0012831427312911075,-0.04057486346659206,0.5833333333333334,-0.007116476064624441,-0.22503345703004116,0.4166666666666667,-0.015449809397957774,-0.488545733549254,0.4166666666666667
grid,PA_7-7,PA,07-07,PA 07,single-month grid,grid,1,13,0.019349757455110587,0.5490422584566003,12,-0.005090639399353871,-0.22624911102217674,0.5833333333333334,0.13786213786213786,-0.005440362005239337,-0.004740916793468408,?,0.0007426939339794571,0.033008396223418036,0.5833333333333334,-0.005090639399353871,-0.22624911102217674,0.5833333333333334,-0.01342397273268721,-0.5966169785158841,0.5
named,RB_5-9,RB,05-09,Gasoline driving season,US summer road demand,EIA; AAA blend notes,-1,14,-0.08247172587673814,-1.402704239880106,11,-0.019234819011192176,-0.24144918393436077,0.36363636363636365,0.19880119880119881,0.04695128087130809,-0.07438990224660907,Y,0.009931847655474483,0.12467164416672499,0.36363636363636365,-0.019234819011192176,-0.24144918393436077,0.36363636363636365,-0.060901485677858844,-0.7644789383644834,0.36363636363636365
grid,OJ_7-7,OJ,07-07,OJ 07,single-month grid,grid,1,13,0.013093260716157006,0.5844892376497239,12,-0.006079185506300531,-0.2440610335260317,0.4166666666666667,0.15784215784215785,-0.019757104867994882,0.007598733855393822,?,-0.0002458521729672032,-0.009870226096375683,0.4166666666666667,-0.006079185506300531,-0.2440610335260317,0.4166666666666667,-0.014412518839633867,-0.5786193298541121,0.4166666666666667
grid,ZW_6-6,ZW,06-06,ZW 06,single-month grid,grid,-1,14,-0.03932597620265165,-1.18384929891708,12,-0.010387565583614013,-0.26197355471845746,0.5,0.33466533466533466,-0.06813604781632103,0.04736091664909301,Y,-0.004554232250280681,-0.11485736499238292,0.5,-0.010387565583614013,-0.26197355471845746,0.5,-0.01872089891694734,-0.47213954004142106,0.5
grid,ZM_12-12,ZM,12-12,ZM 12,single-month grid,grid,1,15,0.03056827725728332,1.5287231004361568,11,-0.007509224038684933,-0.26433045790095683,0.45454545454545453,0.1918081918081918,-0.04276997341362691,0.02187473377376672,N,-0.0016758907053515972,-0.05899264095137111,0.45454545454545453,-0.007509224038684933,-0.26433045790095683,0.45454545454545453,-0.015842557372018264,-0.5576701964003647,0.36363636363636365
grid,HO_2-2,HO,02-02,HO 02,single-month grid,grid,1,14,0.03137795126430211,1.120787704803111,12,-0.010638476909134685,-0.30503201978763805,0.3333333333333333,0.34965034965034963,0.01035621838823459,-0.03163317220650396,?,-0.00480514357580136,-0.13777561043891026,0.3333333333333333,-0.010638476909134685,-0.30503201978763805,0.3333333333333333,-0.018971810242468023,-0.5439697474286783,0.3333333333333333
grid,CT_9-9,CT,09-09,CT 09,single-month grid,grid,-1,15,-0.021361753799826112,-0.8020961976608727,11,-0.008710318840057164,-0.30686850753006983,0.45454545454545453,0.22977022977022976,-0.00415686846117945,-0.012504860822455263,Y,-0.0028769855067238377,-0.10135751226165123,0.45454545454545453,-0.008710318840057164,-0.30686850753006983,0.45454545454545453,-0.017043652173390496,-0.6004556436278109,0.2727272727272727
grid,LB_2-2,LB,02-02,LB 02,single-month grid,grid,1,14,0.010300139521630199,0.4234038074203755,9,-0.01731873784606082,-0.3147848792452219,0.5555555555555556,0.3946053946053946,0.006690324458683094,-0.036525987689855946,?,-0.011485404512727492,-0.2087583809373145,0.5555555555555556,-0.01731873784606082,-0.3147848792452219,0.5555555555555556,-0.025652071179394165,-0.4662513053993757,0.5555555555555556
grid,ZL_2-2,ZL,02-02,ZL 02,single-month grid,grid,1,14,0.05642244921267037,2.3539576368761517,12,-0.0072411236593506985,-0.3254460233000375,0.3333333333333333,0.24075924075924077,-0.03090264497943773,0.016420397660736323,Y,-0.0014077903260173742,-0.06327191535404608,0.3333333333333333,-0.0072411236593506985,-0.3254460233000375,0.3333333333333333,-0.015574456992684033,-0.6999804632228831,0.3333333333333333
named,HO_10-11,HO,10-11,HeatingOil build season,pre-winter distillate restock,EIA; MacroMicro,-1,15,-0.04173696421229763,-0.8855155289042353,11,-0.011583874662226238,-0.3290060967386287,0.36363636363636365,0.24275724275724275,0.012704882425537894,-0.03182450556869636,?,8.279200444042729e-05,0.0023514648609705585,0.36363636363636365,-0.011583874662226238,-0.3290060967386287,0.36363636363636365,-0.0282505413288929,-0.8023740418809132,0.36363636363636365
grid,OJ_10-10,OJ,10-10,OJ 10,single-month grid,grid,1,14,0.023354896914121397,0.6860528938217979,11,-0.01682361903619944,-0.33698770765475794,0.6363636363636364,0.35364635364635366,0.013675399697292173,-0.04223946798077579,?,-0.010990285702866117,-0.2201423592338059,0.6363636363636364,-0.01682361903619944,-0.33698770765475794,0.6363636363636364,-0.025156952369532783,-0.5039096339704041,0.5454545454545454
grid,RB_12-12,RB,12-12,RB 12,single-month grid,grid,1,15,0.00813182323439033,0.24023271598863266,11,-0.008989700178813613,-0.35838037954132435,0.5454545454545454,0.34965034965034963,-0.01489750685833953,-0.004066527945875351,Y,-0.0031563668454802807,-0.12583066460000222,0.5454545454545454,-0.008989700178813613,-0.35838037954132435,0.5454545454545454,-0.017323033512146944,-0.6905942580289274,0.45454545454545453
grid,OJ_3-3,OJ,03-03,OJ 03,single-month grid,grid,1,13,0.0025067045470746163,0.08833351221485286,12,-0.010690161025753554,-0.3658146458572611,0.4166666666666667,0.2057942057942058,0.025220084320478477,-0.04660040637198559,?,-0.004856827692420224,-0.1661994331060324,0.5,-0.010690161025753554,-0.3658146458572611,0.4166666666666667,-0.019023494359086887,-0.6509792355018735,0.3333333333333333
named,OJ_3-3,OJ,03-03,OJ post-freeze fade,risk premium unwinds,softs seasonality,1,13,0.0025067045470746163,0.08833351221485286,12,-0.010690161025753554,-0.3658146458572611,0.4166666666666667,0.20679320679320679,0.025220084320478477,-0.04660040637198559,?,-0.004856827692420224,-0.1661994331060324,0.5,-0.010690161025753554,-0.3658146458572611,0.4166666666666667,-0.019023494359086887,-0.6509792355018735,0.3333333333333333
grid,ZM_9-9,ZM,09-09,ZM 09,single-month grid,grid,-1,15,-0.10242039733281773,-2.874777012434176,11,-0.008849235120508316,-0.3684496706766605,0.5454545454545454,0.2127872127872128,-0.022599322452525,0.002609170989505588,N,-0.0030159017871749833,-0.12557108101947967,0.5454545454545454,-0.008849235120508316,-0.3684496706766605,0.5454545454545454,-0.01718256845384165,-0.7154190844726334,0.5454545454545454
grid,KC_7-7,KC,07-07,KC 07,single-month grid,grid,1,15,0.003276252356432368,0.18443224114824627,12,-0.008636444374456037,-0.36925218088982464,0.3333333333333333,0.23676323676323677,-0.003225996848831495,-0.01404689190008058,?,-0.0028031110411227077,-0.11984733766968762,0.3333333333333333,-0.008636444374456037,-0.36925218088982464,0.3333333333333333,-0.01696977770778937,-0.7255448140614492,0.3333333333333333
grid,OJ_12-12,OJ,12-12,OJ 12,single-month grid,grid,-1,14,-0.01128286828621476,-0.5083321878349422,11,-0.016246414322169257,-0.37220559186300817,0.45454545454545453,0.2947052947052947,0.04824127655117687,-0.06998615671662436,?,-0.010413080988835931,-0.23856383911607698,0.45454545454545453,-0.016246414322169257,-0.37220559186300817,0.45454545454545453,-0.024579747655502596,-0.5631223815014815,0.36363636363636365
grid,PA_12-12,PA,12-12,PA 12,single-month grid,grid,1,15,0.03785736107202441,1.4942803165445266,11,-0.008839196633268915,-0.37480103335576026,0.5454545454545454,0.1928071928071928,-0.017122224879716687,-0.0019366730945624456,?,-0.0030058632999355865,-0.12745509775195185,0.6363636363636364,-0.008839196633268915,-0.37480103335576026,0.5454545454545454,-0.01717252996660225,-0.7281523699326298,0.5454545454545454
grid,HE_3-3,HE,03-03,HE 03,single-month grid,grid,-1,14,-0.016262481757773284,-0.7538091096993919,12,-0.015468496040394103,-0.3863083765876328,0.5,0.36563436563436563,-0.003879033561468584,-0.027057958519319626,Y,-0.009635162707060775,-0.24062740513379072,0.5833333333333334,-0.015468496040394103,-0.3863083765876328,0.5,-0.023801829373727424,-0.5944240500931214,0.4166666666666667
grid,ZM_2-2,ZM,02-02,ZM 02,single-month grid,grid,1,14,0.028955681225319208,1.3128575204878847,12,-0.007919947006523721,-0.3950305210448207,0.4166666666666667,0.2017982017982018,0.005235350442189629,-0.021075244455237067,N,-0.002086613673190385,-0.10407595983416083,0.4166666666666667,-0.007919947006523721,-0.3950305210448207,0.4166666666666667,-0.01625328033985705,-0.8106798942029059,0.3333333333333333
named,SI_9-9,SI,09-09,Silver autumn,industrial + festive demand,SSRN 2598514,-1,15,-0.005136478752144074,-0.15456464660277477,11,-0.011513259978326034,-0.40153662286620423,0.45454545454545453,0.42357642357642356,-0.009716318791138068,-0.013010710967649343,?,-0.005679926644992709,-0.19809320448349185,0.45454545454545453,-0.011513259978326034,-0.40153662286620423,0.45454545454545453,-0.019846593311659368,-0.6921700776986509,0.45454545454545453
grid,SI_9-9,SI,09-09,SI 09,single-month grid,grid,-1,15,-0.005136478752144074,-0.15456464660277477,11,-0.011513259978326034,-0.40153662286620423,0.45454545454545453,0.3866133866133866,-0.009716318791138068,-0.013010710967649343,?,-0.005679926644992709,-0.19809320448349185,0.45454545454545453,-0.011513259978326034,-0.40153662286620423,0.45454545454545453,-0.019846593311659368,-0.6921700776986509,0.45454545454545453
grid,HG_4-4,HG,04-04,HG 04,single-month grid,grid,1,14,0.017774477061771817,0.6594202600998917,12,-0.00831541903388953,-0.4033677654254854,0.5,0.2727272727272727,-0.0039932064736988675,-0.012637631594080193,?,-0.0024820857005561983,-0.12040203368555882,0.5,-0.00831541903388953,-0.4033677654254854,0.5,-0.016648752367222863,-0.8076045250539521,0.5
grid,ZS_6-6,ZS,06-06,ZS 06,single-month grid,grid,1,14,0.033585328613737635,1.9577489084005515,12,-0.01141323033996454,-0.42373398817597724,0.5,0.2517482517482518,0.0005426704518638019,-0.023369131131792887,Y,-0.00557989700663121,-0.20716238451368937,0.5,-0.01141323033996454,-0.42373398817597724,0.5,-0.019746563673297874,-0.7331219934078171,0.3333333333333333
grid,CL_6-6,CL,06-06,CL 06,single-month grid,grid,1,14,0.021380418011176214,1.3162926010751472,12,-0.012261058578948077,-0.4298373501960349,0.5833333333333334,0.3986013986013986,0.009173524066949277,-0.03369564122484544,?,-0.006427725245614746,-0.22533750814199582,0.5833333333333334,-0.012261058578948077,-0.4298373501960349,0.5833333333333334,-0.020594391912281414,-0.7219799817018052,0.5833333333333334
grid,KC_4-4,KC,04-04,KC 04,single-month grid,grid,1,15,0.0046584070126813515,0.21986754282742482,12,-0.0107362913985428,-0.43438536475768275,0.3333333333333333,0.27972027972027974,-0.06845808645924861,0.046985503662163,?,-0.0049029580652094696,-0.19837140670722714,0.4166666666666667,-0.0107362913985428,-0.43438536475768275,0.3333333333333333,-0.019069624731876133,-0.7715481619726196,0.3333333333333333
grid,RB_1-1,RB,01-01,RB 01,single-month grid,grid,1,14,0.040202323948176896,1.5627803626289105,12,-0.012043515513035834,-0.450906279474324,0.5833333333333334,0.43756243756243757,-0.07365806560107709,0.049571034575005425,Y,-0.006210182179702495,-0.23250770412314145,0.5833333333333334,-0.012043515513035834,-0.450906279474324,0.5833333333333334,-0.020376848846369172,-0.7629042442617275,0.4166666666666667
grid,CC_2-2,CC,02-02,CC 02,single-month grid,grid,1,15,0.01956984799015934,0.8267050237327347,12,-0.023294528359883493,-0.458843308426218,0.5833333333333334,0.4755244755244755,0.014350067863192264,-0.06093912458295925,?,-0.017461195026550157,-0.34394139135503704,0.5833333333333334,-0.023294528359883493,-0.458843308426218,0.5833333333333334,-0.03162786169321682,-0.6229889042421906,0.5
grid,HE_7-7,HE,07-07,HE 07,single-month grid,grid,-1,14,-0.003146763176638319,-0.17416373836758947,12,-0.017483290813347898,-0.45991841020433494,0.25,0.3916083916083916,0.02962070089930352,-0.06458728252599932,Y,-0.011649957480014567,-0.3064657552378941,0.3333333333333333,-0.017483290813347898,-0.45991841020433494,0.25,-0.02581662414668123,-0.6791364887278218,0.25
grid,PA_1-1,PA,01-01,PA 01,single-month grid,grid,1,13,0.034867928989117135,1.4672465824520609,12,-0.015871943867949215,-0.4639521065266522,0.4166666666666667,0.23876123876123875,-0.01461908046830071,-0.017124807267597724,?,-0.010038610534615891,-0.2934381914959143,0.5,-0.015871943867949215,-0.4639521065266522,0.4166666666666667,-0.024205277201282554,-0.7075434137134211,0.4166666666666667
grid,CC_12-12,CC,12-12,CC 12,single-month grid,grid,1,15,0.027385179809193628,1.4212595526522105,11,-0.017241484665193676,-0.48497424469759093,0.45454545454545453,0.3886113886113886,-0.05868747831340502,0.017296843374982437,?,-0.011408151331860345,-0.3208922945443247,0.45454545454545453,-0.017241484665193676,-0.48497424469759093,0.45454545454545453,-0.02557481799852701,-0.7193770306308286,0.45454545454545453
grid,ZR_10-10,ZR,10-10,ZR 10,single-month grid,grid,-1,15,-0.020143700818227864,-0.9000001681812164,11,-0.008073033342862839,-0.4953154032899576,0.36363636363636365,0.061938061938061936,-0.009031508351717385,-0.0072743041688173825,Y,-0.0022397000095295077,-0.13741525227929163,0.5454545454545454,-0.008073033342862839,-0.4953154032899576,0.36363636363636365,-0.016406366676196174,-1.006601333305195,0.2727272727272727
grid,KC_5-5,KC,05-05,KC 05,single-month grid,grid,-1,15,-0.020236461484028755,-0.6916413030620016,12,-0.014285378637791024,-0.5035505112877728,0.4166666666666667,0.3176823176823177,-0.028049755007890184,-0.0005210022676918729,?,-0.008452045304457697,-0.29792922136680666,0.4166666666666667,-0.014285378637791024,-0.5035505112877728,0.4166666666666667,-0.022618711971124358,-0.7972952111748677,0.4166666666666667
grid,ZC_1-1,ZC,01-01,ZC 01,single-month grid,grid,1,14,0.007198770897237435,0.3820382199148607,12,-0.007671882191434773,-0.5124300842754975,0.5,0.3046953046953047,-0.01978535798824413,0.004441593605374581,Y,-0.0018385488581014388,-0.12280268684956774,0.5,-0.007671882191434773,-0.5124300842754975,0.5,-0.016005215524768104,-1.0690406520268254,0.4166666666666667
grid,HO_4-4,HO,04-04,HO 04,single-month grid,grid,1,14,0.013397354683711367,0.8639666899052102,12,-0.02301480404185721,-0.5170812083227184,0.5,0.46253746253746253,-0.023633104517011127,-0.022396503566703283,?,-0.017181470708523876,-0.386021780527313,0.5,-0.02301480404185721,-0.5170812083227184,0.5,-0.031348137375190537,-0.7043089623161547,0.5
grid,CL_3-3,CL,03-03,CL 03,single-month grid,grid,1,14,0.031156826531033615,1.393620395097844,12,-0.04073818859338251,-0.5181083452358015,0.5,0.6913086913086913,-0.1366374340965436,0.0551610569097786,?,-0.034904855260049175,-0.44392000292366646,0.5833333333333334,-0.04073818859338251,-0.5181083452358015,0.5,-0.04907152192671584,-0.6240916913959943,0.5
grid,HO_7-7,HO,07-07,HO 07,single-month grid,grid,1,14,0.01823436122844491,1.1553566628747804,12,-0.0181880437816721,-0.5181560547202124,0.4166666666666667,0.42357642357642356,-0.06568939595318087,0.029313308389836645,?,-0.012354710448338782,-0.35197122351182725,0.4166666666666667,-0.0181880437816721,-0.5181560547202124,0.4166666666666667,-0.02652137711500545,-0.7555629564464781,0.25
grid,ZC_10-10,ZC,10-10,ZC 10,single-month grid,grid,1,15,0.030702726968781614,1.1605270031232184,11,-0.005019106952907661,-0.5227260495899403,0.36363636363636365,0.22577422577422576,-0.013543856512437955,0.0020848510133675835,Y,0.000814226380425673,0.08479941617208614,0.5454545454545454,-0.005019106952907661,-0.5227260495899403,0.36363636363636365,-0.013352440286240991,-1.3906195721071204,0.36363636363636365
grid,GC_8-8,GC,08-08,GC 08,single-month grid,grid,1,14,0.025355411649825316,1.9494893993822475,12,-0.005857411885265169,-0.5318767423696243,0.5,0.2547452547452547,-0.008668983178374055,-0.003045840592156282,?,-2.4078551931836178e-05,-0.0021864301185135246,0.5,-0.005857411885265169,-0.5318767423696243,0.5,-0.0141907452185985,-1.2885771884426396,0.4166666666666667
grid,CL_2-2,CL,02-02,CL 02,single-month grid,grid,1,14,0.04790834902231654,2.7021337604166713,12,-0.012005428546504568,-0.5508257141148464,0.5,0.3696303696303696,-0.038163087929960864,0.014152230836951732,?,-0.006172095213171236,-0.28318428952456864,0.5833333333333334,-0.012005428546504568,-0.5508257141148464,0.5,-0.020338761879837904,-0.9331706063866719,0.25
grid,LB_10-10,LB,10-10,LB 10,single-month grid,grid,-1,15,-0.0073722960929965995,-0.30676513246058235,8,-0.024750064737675857,-0.55172238231764,0.5,0.4645354645354645,-0.039352311038567504,-0.010147818436784209,?,-0.018916731404342527,-0.42168714412206576,0.5,-0.024750064737675857,-0.55172238231764,0.5,-0.03308339807100919,-0.7374870083113179,0.5
grid,ZR_4-4,ZR,04-04,ZR 04,single-month grid,grid,1,15,0.0358043917414476,1.8962770202304182,12,-0.015284076530506674,-0.5704313628152603,0.3333333333333333,0.14685314685314685,-0.01461756206423804,-0.015950590996775305,Y,-0.009450743197173345,-0.3527200554655903,0.4166666666666667,-0.015284076530506674,-0.5704313628152603,0.3333333333333333,-0.023617409863840016,-0.8814475161719323,0.3333333333333333
grid,HO_5-5,HO,05-05,HO 05,single-month grid,grid,-1,14,-0.006268928695607032,-0.231518353115573,12,-0.01982205364283453,-0.575829295915836,0.4166666666666667,0.4255744255744256,-0.07133722066427266,0.03169311337860359,?,-0.01398872030950121,-0.4063713635189096,0.4166666666666667,-0.01982205364283453,-0.575829295915836,0.4166666666666667,-0.028155386976167873,-0.8179120564828746,0.4166666666666667
grid,PA_3-3,PA,03-03,PA 03,single-month grid,grid,-1,15,-0.00554293506783102,-0.14401566252951684,12,-0.019162328856632316,-0.5867176742860309,0.5,0.27172827172827174,0.005258025105525408,-0.043582682818790054,?,-0.013328995523298989,-0.40811100323498406,0.5,-0.019162328856632316,-0.5867176742860309,0.5,-0.02749566218996566,-0.8418700615018125,0.5
grid,HO_3-3,HO,03-03,HO 03,single-month grid,grid,1,14,0.0008469982515331426,0.021396219155068275,12,-0.036715087081876846,-0.6009904546663817,0.3333333333333333,0.6373626373626373,-0.1269199014581108,0.05348972729435714,?,-0.030881753748543517,-0.5055044315935653,0.3333333333333333,-0.036715087081876846,-0.6009904546663817,0.3333333333333333,-0.04504842041521018,-0.7373990590561195,0.3333333333333333
grid,LE_3-3,LE,03-03,LE 03,single-month grid,grid,-1,13,-0.00025668784894014747,-0.01569258783845863,12,-0.009599931001210853,-0.6035784179991455,0.4166666666666667,0.14285714285714285,0.027541644050659165,-0.04674150605308088,Y,-0.003766597667877529,-0.2368180626850378,0.4166666666666667,-0.009599931001210853,-0.6035784179991455,0.4166666666666667,-0.017933264334544185,-1.1275217827335855,0.3333333333333333
grid,SB_1-1,SB,01-01,SB 01,single-month grid,grid,1,14,0.028256688532803855,1.089635023978866,12,-0.015810415208364004,-0.6088520743473187,0.4166666666666667,0.3756243756243756,-0.0374063336954782,0.0057855032787501965,Y,-0.00997708187503067,-0.38421299602124936,0.5,-0.015810415208364004,-0.6088520743473187,0.4166666666666667,-0.024143748541697336,-0.9297650433845606,0.4166666666666667
grid,ZC_3-3,ZC,03-03,ZC 03,single-month grid,grid,1,14,0.006961699738644069,0.36298275498008437,12,-0.007361436601111854,-0.6236324354902336,0.4166666666666667,0.2787212787212787,-0.03519902375640142,0.020476150554177706,Y,-0.0015281032677785201,-0.1294549982840806,0.5,-0.007361436601111854,-0.6236324354902336,0.4166666666666667,-0.015694769934445185,-1.329600202927595,0.4166666666666667
grid,SI_8-8,SI,08-08,SI 08,single-month grid,grid,1,14,0.010198421301696263,0.34627409784197133,12,-0.01687257993906824,-0.6477567607125084,0.4166666666666667,0.4975024975024975,-0.003884254603670261,-0.029860905274466196,?,-0.011039246605734902,-0.42380872681361154,0.4166666666666667,-0.01687257993906824,-0.6477567607125084,0.4166666666666667,-0.02520591327240156,-0.9676825234252175,0.4166666666666667
grid,BZ_8-8,BZ,08-08,BZ 08,single-month grid,grid,-1,8,-0.014441617156663674,-0.7025193713764942,12,-0.01262413921840231,-0.6598606434606807,0.4166666666666667,0.3906093906093906,-0.05163084142125149,0.026382562984446866,?,-0.006790805885068987,-0.3549537487994612,0.5,-0.01262413921840231,-0.6598606434606807,0.4166666666666667,-0.020957472551735645,-1.0954419215481381,0.4166666666666667
grid,ZO_3-3,ZO,03-03,ZO 03,single-month grid,grid,-1,15,-0.028175815756038128,-1.0924541420929523,12,-0.016765245738070145,-0.6654455198774147,0.4166666666666667,0.3276723276723277,0.01099916635208513,-0.044529657828225426,?,-0.010931912404736815,-0.4339090668325528,0.4166666666666667,-0.016765245738070145,-0.6654455198774147,0.4166666666666667,-0.02509857907140348,-0.996211881370075,0.4166666666666667
grid,PL_1-1,PL,01-01,PL 01,single-month grid,grid,1,14,0.0415815500268658,2.8856671870751067,12,-0.012577245791111623,-0.6931853270266121,0.3333333333333333,0.15984015984015984,-0.00541935047738238,-0.019735141104840866,?,-0.006743912457778295,-0.3716856011343574,0.4166666666666667,-0.012577245791111623,-0.6931853270266121,0.3333333333333333,-0.020910579124444963,-1.1524706497298338,0.3333333333333333
grid,GF_11-11,GF,11-11,GF 11,single-month grid,grid,-1,14,-0.014782936398636582,-1.1805772672939727,11,-0.013424732605402572,-0.6944888889231162,0.36363636363636365,0.12687312687312688,0.01074421835029676,-0.03356552506848535,N,-0.007591399272069242,-0.39271861874622593,0.45454545454545453,-0.013424732605402572,-0.6944888889231162,0.36363636363636365,-0.02175806593873591,-1.1255892748901029,0.36363636363636365
grid,ZS_2-2,ZS,02-02,ZS 02,single-month grid,grid,1,14,0.04744144059195641,2.1008678486530354,12,-0.010974255687430644,-0.6966677003220945,0.4166666666666667,0.23676323676323677,-0.009989996695169069,-0.011958514679692223,Y,-0.005140922354097316,-0.326356033244743,0.4166666666666667,-0.010974255687430644,-0.6966677003220945,0.4166666666666667,-0.019307589020763977,-1.225684367575454,0.3333333333333333
grid,GC_4-4,GC,04-04,GC 04,single-month grid,grid,1,14,0.00541824546998584,0.3441044623160887,12,-0.005507660998139816,-0.6996482021018655,0.4166666666666667,0.22877122877122877,-0.0052064224354559105,-0.005808899560823723,?,0.0003256723351935176,0.04137074955583103,0.4166666666666667,-0.005507660998139816,-0.6996482021018655,0.4166666666666667,-0.01384099433147315,-1.7582467044700036,0.3333333333333333
grid,CL_10-10,CL,10-10,CL 10,single-month grid,grid,-1,15,-0.034712818014296896,-0.9860912279241754,11,-0.016986523335733385,-0.7103461373769319,0.36363636363636365,0.4175824175824176,-0.014723933467624933,-0.018872014892490425,?,-0.011153190002400053,-0.4664065318751605,0.45454545454545453,-0.016986523335733385,-0.7103461373769319,0.36363636363636365,-0.02531985666906672,-1.0588312880937483,0.2727272727272727
grid,ZC_11-11,ZC,11-11,ZC 11,single-month grid,grid,-1,15,-0.010249465189088031,-0.5375608221102838,11,-0.00772377390813707,-0.723887086277942,0.45454545454545453,0.2947052947052947,0.009450063409527285,-0.022035305006190695,Y,-0.0018904405748037347,-0.17717576093657816,0.45454545454545453,-0.00772377390813707,-0.723887086277942,0.45454545454545453,-0.0160571072414704,-1.5049032653370327,0.45454545454545453
grid,CT_2-2,CT,02-02,CT 02,single-month grid,grid,1,15,0.016922334511575675,0.5910050240604527,12,-0.015835226648742703,-0.7259796157716778,0.3333333333333333,0.35864135864135865,-0.03310357286988582,0.0014331195724004112,Y,-0.01000189331540938,-0.458545420736794,0.3333333333333333,-0.015835226648742703,-0.7259796157716778,0.3333333333333333,-0.024168559982076034,-1.1080284658215125,0.3333333333333333
grid,ZW_4-4,ZW,04-04,ZW 04,single-month grid,grid,-1,14,-0.013195769740119708,-0.6852633451057707,12,-0.01939270293908232,-0.7442789476585101,0.4166666666666667,0.4885114885114885,0.0017053865402231992,-0.04049079241838783,Y,-0.01355936960574898,-0.520399522066685,0.5,-0.01939270293908232,-0.7442789476585101,0.4166666666666667,-0.02772603627241564,-1.0641066985039735,0.4166666666666667
grid,RB_10-10,RB,10-10,RB 10,single-month grid,grid,-1,14,-0.08848454377205087,-1.739222992657903,11,-0.02184970407828743,-0.7525111474215883,0.2727272727272727,0.5114885114885115,-0.01255594891893889,-0.029594500044411217,Y,-0.016016370744954097,-0.5516091880984246,0.36363636363636365,-0.02184970407828743,-0.7525111474215883,0.2727272727272727,-0.03018303741162076,-1.0395139464546792,0.2727272727272727
grid,LE_6-6,LE,06-06,LE 06,single-month grid,grid,1,14,0.002519202161743363,0.15035842751536846,12,-0.010678908830144017,-0.7564073083688103,0.5,0.16083916083916083,-0.049205646585681745,0.02784782892539372,Y,-0.00484557549681069,-0.3432212763811942,0.5,-0.010678908830144017,-0.7564073083688103,0.5,-0.019012242163477352,-1.34667306835112,0.5
grid,GC_6-6,GC,06-06,GC 06,single-month grid,grid,-1,14,-0.010482920777137125,-0.7584731199453132,12,-0.012601323300682414,-0.7587809785257619,0.3333333333333333,0.47352647352647353,-0.041641955039321284,0.016439308437956452,?,-0.006767989967349082,-0.4075303781627102,0.5,-0.012601323300682414,-0.7587809785257619,0.3333333333333333,-0.02093465663401575,-1.2605675504729787,0.25
named,LE_2-2,LE,02-02,Cattle grill restock,pre-grill-season feeder demand,livestock seasonality,1,12,0.00977617658696192,0.8499299647447862,12,-0.00949428461084363,-0.7615896085431432,0.5833333333333334,0.1928071928071928,-0.004678061517667515,-0.01431050770401974,Y,-0.003660951277510302,-0.29366535390672754,0.5833333333333334,-0.00949428461084363,-0.7615896085431432,0.5833333333333334,-0.01782761794417696,-1.4300528294523092,0.3333333333333333
grid,LE_2-2,LE,02-02,LE 02,single-month grid,grid,1,12,0.00977617658696192,0.8499299647447862,12,-0.00949428461084363,-0.7615896085431432,0.5833333333333334,0.15484515484515485,-0.004678061517667515,-0.01431050770401974,Y,-0.003660951277510302,-0.29366535390672754,0.5833333333333334,-0.00949428461084363,-0.7615896085431432,0.5833333333333334,-0.01782761794417696,-1.4300528294523092,0.3333333333333333
grid,LB_8-8,LB,08-08,LB 08,single-month grid,grid,-1,15,-0.0017190781351470118,-0.07577089570573567,8,-0.0547610406585967,-0.7626620861764662,0.375,0.6403596403596403,-0.008446742687407931,-0.10107533862978546,?,-0.04892770732526338,-0.6814207124578989,0.5,-0.0547610406585967,-0.7626620861764662,0.375,-0.06309437399193005,-0.8787211914887055,0.25
grid,ZS_12-12,ZS,12-12,ZS 12,single-month grid,grid,1,15,0.027009165691856764,2.0518143792007777,11,-0.014885898194418877,-0.7670023960659567,0.36363636363636365,0.3086913086913087,-0.027483446739087876,-0.004387941073861377,Y,-0.009052564861085542,-0.4664373522048094,0.36363636363636365,-0.014885898194418877,-0.7670023960659567,0.36363636363636365,-0.023219231527752206,-1.1963810301533095,0.36363636363636365
named,ZS_8-10,ZS,08-10,Soy harvest pressure,new-crop supply into Oct,CME grains course,-1,14,-0.044765954490154344,-0.8454480168327062,11,-0.025762902295189696,-0.8029646268172715,0.45454545454545453,0.15584415584415584,-0.02099110576821834,-0.029739399400999168,Y,-0.00826290229518971,-0.2575338050761229,0.5454545454545454,-0.025762902295189696,-0.8029646268172715,0.45454545454545453,-0.05076290229518971,-1.5821515150189136,0.36363636363636365
grid,ZM_6-6,ZM,06-06,ZM 06,single-month grid,grid,1,15,0.04107247694097982,1.8099512617175006,12,-0.020746975867499125,-0.8490745484321478,0.25,0.43756243756243757,-0.011404508659348838,-0.03008944307564941,N,-0.014913642534165793,-0.6103440993543551,0.4166666666666667,-0.020746975867499125,-0.8490745484321478,0.25,-0.02908030920083246,-1.190118047114709,0.25
grid,OJ_6-6,OJ,06-06,OJ 06,single-month grid,grid,-1,13,-0.006931298977830952,-0.23495962003971577,12,-0.024488908718727626,-0.8510985316742234,0.25,0.34265734265734266,-0.049885102686727294,0.000907285249272032,?,-0.0186555753853943,-0.6483642452350092,0.25,-0.024488908718727626,-0.8510985316742234,0.25,-0.03282224205206096,-1.1407189408731013,0.16666666666666666
grid,ZL_5-5,ZL,05-05,ZL 05,single-month grid,grid,-1,15,-0.00853728200988535,-0.3834150394637227,12,-0.015722764454592374,-0.8605937868177086,0.4166666666666667,0.34765234765234765,-0.04220089373453804,0.010755364825353296,Y,-0.009889431121259045,-0.5413032169181516,0.4166666666666667,-0.015722764454592374,-0.8605937868177086,0.4166666666666667,-0.024056097787925706,-1.3167231723885047,0.25
grid,ZM_7-7,ZM,07-07,ZM 07,single-month grid,grid,-1,15,-0.05866375505555346,-1.57250033513777,12,-0.015150845515681154,-0.8651809204014751,0.3333333333333333,0.32867132867132864,-0.0016281117071908144,-0.02867357932417149,N,-0.00931751218234782,-0.53207154395655,0.4166666666666667,-0.015150845515681154,-0.8651809204014751,0.3333333333333333,-0.02348417884901448,-1.3410514581799393,0.3333333333333333
grid,CL_7-7,CL,07-07,CL 07,single-month grid,grid,1,14,0.02379220301547042,1.256860923135077,12,-0.030323637320173086,-0.8669200626479837,0.3333333333333333,0.6063936063936064,-0.08384378407822128,0.023196509437875098,?,-0.02449030398683975,-0.700151358571192,0.4166666666666667,-0.030323637320173086,-0.8669200626479837,0.3333333333333333,-0.03865697065350642,-1.1051610684719722,0.3333333333333333
grid,CT_1-1,CT,01-01,CT 01,single-month grid,grid,1,14,0.007455051623845021,0.4599227654289105,12,-0.01210430888927373,-0.8671562782660295,0.5,0.27972027972027974,-0.027639362968171727,0.003430745189624268,Y,-0.0062709755559404055,-0.4492545484364954,0.5,-0.01210430888927373,-0.8671562782660295,0.5,-0.020437642222607064,-1.464158749451079,0.25
grid,PL_4-4,PL,04-04,PL 04,single-month grid,grid,1,15,0.006407800978357569,0.48805325589506193,12,-0.014026036035743109,-0.8702950138217855,0.3333333333333333,0.17182817182817184,9.05138874314713e-05,-0.028142585958917683,?,-0.00819270270240978,-0.5083452155307217,0.4166666666666667,-0.014026036035743109,-0.8702950138217855,0.3333333333333333,-0.022359369369076443,-1.3873661542375917,0.3333333333333333
grid,LE_4-4,LE,04-04,LE 04,single-month grid,grid,1,14,0.008200937023039648,0.9495862367442179,12,-0.01816055987539542,-0.8810272819387076,0.4166666666666667,0.3196803196803197,-0.027967777067639824,-0.008353342683151,Y,-0.012327226542062086,-0.5980334840287614,0.4166666666666667,-0.01816055987539542,-0.8810272819387076,0.4166666666666667,-0.026493893208728744,-1.285304136095773,0.4166666666666667
grid,HG_1-1,HG,01-01,HG 01,single-month grid,grid,1,14,0.024920269710683247,1.2604037825066223,12,-0.01806083294457168,-0.8827699952829144,0.4166666666666667,0.48951048951048953,-0.0466039248545723,0.010482258965428945,?,-0.01222749961123835,-0.5976507178412807,0.4166666666666667,-0.01806083294457168,-0.8827699952829144,0.4166666666666667,-0.02639416627790501,-1.2900832487709628,0.4166666666666667
named,HG_1-1,HG,01-01,Copper January restock,industrial restocking,SSRN 2598514,1,14,0.024920269710683247,1.2604037825066223,12,-0.01806083294457168,-0.8827699952829144,0.4166666666666667,0.4825174825174825,-0.0466039248545723,0.010482258965428945,?,-0.01222749961123835,-0.5976507178412807,0.4166666666666667,-0.01806083294457168,-0.8827699952829144,0.4166666666666667,-0.02639416627790501,-1.2900832487709628,0.4166666666666667
grid,ZW_2-2,ZW,02-02,ZW 02,single-month grid,grid,1,14,0.006685440868464149,0.3003208759960997,12,-0.02317501617762427,-0.8828586401521105,0.3333333333333333,0.5644355644355644,-0.0445655981423167,-0.0017844342129318426,Y,-0.017341682844290936,-0.6606361961741409,0.3333333333333333,-0.02317501617762427,-0.8828586401521105,0.3333333333333333,-0.031508349510957594,-1.2003192744063522,0.25
grid,ZO_12-12,ZO,12-12,ZO 12,single-month grid,grid,-1,14,-0.04127270973251961,-0.815660089155763,11,-0.0285807622145744,-0.8835384493513372,0.45454545454545453,0.4775224775224775,0.0030322352872470134,-0.05492492679942557,?,-0.022747428881241063,-0.7032082590929892,0.5454545454545454,-0.0285807622145744,-0.8835384493513372,0.45454545454545453,-0.03691409554790772,-1.1411530068632623,0.45454545454545453
grid,ZS_4-4,ZS,04-04,ZS 04,single-month grid,grid,1,14,0.030657022572160363,2.3302274473725046,12,-0.013624212785253683,-0.8903036264260167,0.25,0.30569430569430567,-0.019484021983097174,-0.007764403587410186,Y,-0.007790879451920348,-0.5091118539047003,0.3333333333333333,-0.013624212785253683,-0.8903036264260167,0.25,-0.021957546118587013,-1.4348633014564682,0.25
grid,ZS_10-10,ZS,10-10,ZS 10,single-month grid,grid,1,15,0.022702927197264255,1.0379540550764998,11,-0.01160273139201869,-0.9156002056090397,0.36363636363636365,0.24875124875124874,-0.013042103493554693,-0.01040325464073869,Y,-0.005769398058685357,-0.4552774575481785,0.36363636363636365,-0.01160273139201869,-0.9156002056090397,0.36363636363636365,-0.01993606472535202,-1.5732041314102698,0.2727272727272727
grid,GC_2-2,GC,02-02,GC 02,single-month grid,grid,1,14,0.013213245596298084,1.2955186517842354,12,-0.015035687598092365,-0.9205039080162787,0.3333333333333333,0.5344655344655345,-0.01499795708375923,-0.015073418112425496,?,-0.009202354264759028,-0.563379826057019,0.3333333333333333,-0.015035687598092365,-0.9205039080162787,0.3333333333333333,-0.023369020931425694,-1.4306811679580778,0.3333333333333333
grid,HG_6-6,HG,06-06,HG 06,single-month grid,grid,-1,14,-0.009502094914042497,-0.7267972155061663,12,-0.01954657712467484,-0.9225615317198684,0.5,0.5424575424575424,-0.04772221005607286,0.008629055806723187,?,-0.013713243791341506,-0.647239213100767,0.5,-0.01954657712467484,-0.9225615317198684,0.5,-0.027879910458008167,-1.315879129747156,0.4166666666666667
grid,NG_6-6,NG,06-06,NG 06,single-month grid,grid,-1,14,-0.027035135486842214,-0.8985209006177588,12,-0.04601241318276592,-0.9356854336359981,0.25,0.6443556443556444,-0.06010057643827377,-0.03192424992725807,?,-0.040179079849432586,-0.8170616829567423,0.25,-0.04601241318276592,-0.9356854336359981,0.25,-0.054345746516099254,-1.1051479346063633,0.25
grid,BZ_9-9,BZ,09-09,BZ 09,single-month grid,grid,-1,8,-0.030305052650715973,-0.9687201534984637,11,-0.023698658516544267,-0.9447545762912654,0.36363636363636365,0.48951048951048953,-0.04652288349186579,-0.004678471037109665,?,-0.017865325183210937,-0.7122068834397179,0.36363636363636365,-0.023698658516544267,-0.9447545762912654,0.36363636363636365,-0.032031991849877595,-1.27696556607919,0.36363636363636365
named,KC_7-9,KC,07-09,Coffee Jul-Sep,Brazil frost-risk window,ag seasonality study,1,15,0.017536007405338228,0.5978807727482341,11,-0.03362899464060511,-0.951427053920443,0.36363636363636365,0.2937062937062937,-0.09633747596396246,0.018628073128859324,?,-0.01612899464060513,-0.45631937611006224,0.45454545454545453,-0.03362899464060511,-0.951427053920443,0.36363636363636365,-0.05862899464060512,-1.6587237365067018,0.36363636363636365
grid,SB_6-6,SB,06-06,SB 06,single-month grid,grid,1,15,0.06439697608581825,2.523752467452634,12,-0.022033650370940485,-0.9556677075944978,0.3333333333333333,0.4995004995004995,-0.00662873675926386,-0.0374385639826171,Y,-0.016200317037607145,-0.7026579611180999,0.4166666666666667,-0.022033650370940485,-0.9556677075944978,0.3333333333333333,-0.03036698370427381,-1.3171102025607797,0.25
grid,PA_2-2,PA,02-02,PA 02,single-month grid,grid,1,14,0.013563345359245688,0.39435912876833235,12,-0.026710655612755835,-0.9667694980762308,0.5,0.43356643356643354,0.020114916082420463,-0.07353622730793213,?,-0.020877322279422513,-0.7556369515548033,0.5,-0.026710655612755835,-0.9667694980762308,0.5,-0.03504398894608918,-1.2683874216782711,0.5
grid,ZO_1-1,ZO,01-01,ZO 01,single-month grid,grid,1,13,0.06781588563038685,1.4219329798042377,12,-0.016772519859764568,-0.9806473275239918,0.4166666666666667,0.34065934065934067,-0.02178030370504419,-0.01176473601448494,?,-0.010939186526431237,-0.6395869029891749,0.5,-0.016772519859764568,-0.9806473275239918,0.4166666666666667,-0.0251058531930979,-1.467876505430873,0.4166666666666667
grid,RB_5-5,RB,05-05,RB 05,single-month grid,grid,-1,14,-0.0006752005959803264,-0.021103355803944075,12,-0.04320048829691048,-0.9942018004970745,0.25,0.7502497502497503,-0.07842940731222466,-0.00797156928159628,Y,-0.03736715496357714,-0.8599553895991131,0.25,-0.04320048829691048,-0.9942018004970745,0.25,-0.05153382163024381,-1.1859823874941613,0.25
grid,ZR_12-12,ZR,12-12,ZR 12,single-month grid,grid,-1,15,-0.009526548762385385,-0.6070912433976128,11,-0.013715713076008988,-0.9987772425671068,0.45454545454545453,0.0939060939060939,-0.004390773337789191,-0.02148649619119215,Y,-0.007882379742675659,-0.5739943275736148,0.45454545454545453,-0.013715713076008988,-0.9987772425671068,0.45454545454545453,-0.022049046409342323,-1.6056099782720958,0.36363636363636365
grid,SB_4-4,SB,04-04,SB 04,single-month grid,grid,-1,15,-0.03582704246989267,-1.4541055544731494,12,-0.02904636611117598,-1.0025309288646653,0.5,0.5954045954045954,-0.02039335129887487,-0.037699380923477084,Y,-0.02321303277784265,-0.8011943119997507,0.5,-0.02904636611117598,-1.0025309288646653,0.5,-0.03737969944450931,-1.2901546672431146,0.5
grid,RB_7-7,RB,07-07,RB 07,single-month grid,grid,1,14,0.020818463784934963,1.0380214302193769,12,-0.023538937445484565,-1.005403420453604,0.4166666666666667,0.5464535464535465,-0.05819331608932132,0.011115441198352194,Y,-0.017705604112151236,-0.7562480242271528,0.4166666666666667,-0.023538937445484565,-1.005403420453604,0.4166666666666667,-0.0318722707788179,-1.3613397007771058,0.4166666666666667
grid,ZR_6-6,ZR,06-06,ZR 06,single-month grid,grid,-1,15,-0.038161596459219994,-2.0814125780101542,12,-0.018133824064511795,-1.0086100966148295,0.4166666666666667,0.18981018981018982,-0.015893235972555746,-0.020374412156467847,Y,-0.012300490731178467,-0.6841579084834767,0.4166666666666667,-0.018133824064511795,-1.0086100966148295,0.4166666666666667,-0.026467157397845137,-1.4721132225167628,0.16666666666666666
grid,OJ_9-9,OJ,09-09,OJ 09,single-month grid,grid,-1,13,-0.013321305921619215,-0.4316500972332537,11,-0.027160929202925718,-1.014961403233886,0.36363636363636365,0.4355644355644356,-0.019183231966322833,-0.03380901023342812,?,-0.02132759586959239,-0.796978868789032,0.36363636363636365,-0.027160929202925718,-1.014961403233886,0.36363636363636365,-0.03549426253625905,-1.326365023869392,0.2727272727272727
grid,ZW_1-1,ZW,01-01,ZW 01,single-month grid,grid,-1,14,-0.02002252309846229,-1.3482500304308132,12,-0.017826215401071,-1.0221058604697264,0.25,0.47952047952047955,-0.014599995328075474,-0.021052435474066516,Y,-0.011992882067737664,-0.6876386697661298,0.25,-0.017826215401071,-1.0221058604697264,0.25,-0.02615954873440433,-1.4999161329034356,0.25
grid,HO_12-12,HO,12-12,HO 12,single-month grid,grid,-1,15,-0.017955757787261616,-0.6508278929058394,11,-0.032909948898689874,-1.0296156907811767,0.36363636363636365,0.5144855144855145,-0.022965504470102215,-0.041196985922512926,?,-0.027076615565356555,-0.8471149051358987,0.36363636363636365,-0.032909948898689874,-1.0296156907811767,0.36363636363636365,-0.041243282232023226,-1.2903310988458605,0.36363636363636365
grid,PL_9-9,PL,09-09,PL 09,single-month grid,grid,-1,12,-0.01082598139163989,-0.44539309437066693,11,-0.0241312211684073,-1.0376595506177904,0.5454545454545454,0.3436563436563437,0.009431772655063581,-0.05210038268796637,?,-0.01829788783507397,-0.7868220980484579,0.5454545454545454,-0.0241312211684073,-1.0376595506177904,0.5454545454545454,-0.03246455450174064,-1.3959987685739805,0.45454545454545453
grid,KC_10-10,KC,10-10,KC 10,single-month grid,grid,-1,15,-0.027449407726081246,-1.143666019193195,11,-0.03147268015726396,-1.043208383428826,0.2727272727272727,0.6043956043956044,-0.061797656321074736,-0.006201866687421645,?,-0.025639346823930622,-0.8498539501152196,0.2727272727272727,-0.03147268015726396,-1.043208383428826,0.2727272727272727,-0.039806013490597286,-1.319429002448263,0.2727272727272727
grid,ZM_4-4,ZM,04-04,ZM 04,single-month grid,grid,1,14,0.03719770018051723,2.080031882888238,12,-0.02409110204043925,-1.0860514452697163,0.16666666666666666,0.5154845154845155,-0.010734036490680549,-0.03744816759019795,N,-0.018257768707105913,-0.8230788304523341,0.3333333333333333,-0.02409110204043925,-1.0860514452697163,0.16666666666666666,-0.03242443537377258,-1.4617266092945478,0.08333333333333333
grid,CT_12-12,CT,12-12,CT 12,single-month grid,grid,1,15,0.0519732949395821,2.7518381632909725,11,-0.01784906849506863,-1.0961165578224885,0.36363636363636365,0.34765234765234765,-0.016199815775416276,-0.01922344576144559,Y,-0.012015735161735304,-0.7378898382751319,0.36363636363636365,-0.01784906849506863,-1.0961165578224885,0.36363636363636365,-0.02618240182840196,-1.6078690143187122,0.2727272727272727
grid,GC_7-7,GC,07-07,GC 07,single-month grid,grid,1,14,0.007350100473465603,0.71224576567317,12,-0.012246440540267649,-1.0970350282952899,0.3333333333333333,0.44455544455544455,-0.013712074225780533,-0.010780806854754762,?,-0.006413107206934309,-0.57448555954579,0.5,-0.012246440540267649,-1.0970350282952899,0.3333333333333333,-0.02057977387360098,-1.8435342693660026,0.16666666666666666
grid,ZO_6-6,ZO,06-06,ZO 06,single-month grid,grid,1,15,0.026809826546683062,0.7514856917251107,12,-0.04447711556087002,-1.106899413111552,0.3333333333333333,0.7022977022977023,0.007807583722275117,-0.09676181484401515,?,-0.038643782227536685,-0.9617255824409459,0.4166666666666667,-0.04447711556087002,-1.106899413111552,0.3333333333333333,-0.05281044889420335,-1.314290599783846,0.3333333333333333
grid,CL_9-9,CL,09-09,CL 09,single-month grid,grid,-1,15,-0.027954696012331293,-1.145659637729302,11,-0.026536243314116113,-1.1071686583662967,0.36363636363636365,0.5224775224775224,-0.04794079233489252,-0.00869911913013577,?,-0.020702909980782776,-0.8637851558855806,0.45454545454545453,-0.026536243314116113,-1.1071686583662967,0.36363636363636365,-0.03486957664744944,-1.454859376195891,0.36363636363636365
grid,ZC_5-5,ZC,05-05,ZC 05,single-month grid,grid,1,14,0.004765804499679228,0.2250405761422222,12,-0.02586852149284044,-1.1115634306329905,0.3333333333333333,0.6163836163836164,0.026430229917924052,-0.07816727290360492,Y,-0.02003518815950711,-0.8609066617944481,0.4166666666666667,-0.02586852149284044,-1.1115634306329905,0.3333333333333333,-0.03420185482617378,-1.4696445289737659,0.3333333333333333
grid,ZL_11-11,ZL,11-11,ZL 11,single-month grid,grid,1,15,0.0032175386561290467,0.21892969589992547,11,-0.02142232858051535,-1.115381063422452,0.36363636363636365,0.4065934065934066,-0.02164067189183483,-0.021240375821082447,Y,-0.015588995247182026,-0.8116610680831574,0.45454545454545453,-0.02142232858051535,-1.115381063422452,0.36363636363636365,-0.029755661913848687,-1.5492667710500165,0.2727272727272727
grid,KC_1-1,KC,01-01,KC 01,single-month grid,grid,1,14,0.02675082084931074,1.485683700668151,12,-0.03285750996259528,-1.1161653839086487,0.4166666666666667,0.6003996003996004,-0.07325551634001014,0.0075404964148195934,?,-0.02702417662926194,-0.9180078014600959,0.5,-0.03285750996259528,-1.1161653839086487,0.4166666666666667,-0.04119084329592861,-1.3992476445494384,0.4166666666666667
grid,BZ_10-10,BZ,10-10,BZ 10,single-month grid,grid,-1,8,-0.029961096303783692,-0.5023702185271727,11,-0.02145896913165697,-1.1172530356547994,0.36363636363636365,0.46853146853146854,-0.02196322634501529,-0.021038754787191704,?,-0.015625635798323642,-0.8135427625905427,0.36363636363636365,-0.02145896913165697,-1.1172530356547994,0.36363636363636365,-0.029792302464990296,-1.5511248543180227,0.2727272727272727
grid,HG_8-8,HG,08-08,HG 08,single-month grid,grid,-1,14,-0.01233492564321065,-1.0909467726095576,12,-0.015518021093406243,-1.12790400256524,0.4166666666666667,0.4025974025974026,-0.01323690538548552,-0.017799136801326967,?,-0.00968468776007291,-0.7039169506492218,0.4166666666666667,-0.015518021093406243,-1.12790400256524,0.4166666666666667,-0.023851354426739576,-1.7335997910166954,0.3333333333333333
grid,ZM_5-5,ZM,05-05,ZM 05,single-month grid,grid,1,14,0.005139918620198825,0.21209864045044824,12,-0.025738535009396383,-1.1392038693889144,0.3333333333333333,0.5534465534465535,-0.0052526933700012745,-0.04622437664879148,N,-0.01990520167606305,-0.8810168396165268,0.4166666666666667,-0.025738535009396383,-1.1392038693889144,0.3333333333333333,-0.03407186834272972,-1.5080424833494683,0.25
grid,KC_3-3,KC,03-03,KC 03,single-month grid,grid,-1,15,-0.010204404341837548,-0.3681710793675898,12,-0.022258976403386633,-1.141415620913076,0.3333333333333333,0.4485514485514486,-0.05309963124694347,0.00858167844017021,?,-0.016425643070053304,-0.8422887577547784,0.4166666666666667,-0.022258976403386633,-1.141415620913076,0.3333333333333333,-0.030592309736719964,-1.5687397111392152,0.16666666666666666
grid,ZL_6-6,ZL,06-06,ZL 06,single-month grid,grid,-1,15,-0.0019961967821829256,-0.1626940283913939,12,-0.04136820773250179,-1.1466230575190988,0.3333333333333333,0.7962037962037962,-0.030996541110382015,-0.05173987435462157,Y,-0.03553487439916847,-0.9849376747380684,0.3333333333333333,-0.04136820773250179,-1.1466230575190988,0.3333333333333333,-0.04970154106583513,-1.377602175777714,0.3333333333333333
grid,CC_3-3,CC,03-03,CC 03,single-month grid,grid,-1,15,-0.024251290712342007,-1.0287318363407614,12,-0.05618340880246097,-1.1527727003403982,0.3333333333333333,0.8231768231768232,-0.01088486495866394,-0.10148195264625799,?,-0.05035007546912765,-1.0330842093430745,0.3333333333333333,-0.05618340880246097,-1.1527727003403982,0.3333333333333333,-0.06451674213579431,-1.323756258908004,0.3333333333333333
grid,BZ_12-12,BZ,12-12,BZ 12,single-month grid,grid,-1,8,-0.028978972532733512,-0.7970086613929241,11,-0.03131419937603377,-1.160113190073976,0.36363636363636365,0.6283716283716284,-0.01582506455046944,-0.04422181173067071,?,-0.025480866042700435,-0.9440027010005256,0.36363636363636365,-0.03131419937603377,-1.160113190073976,0.36363636363636365,-0.0396475327093671,-1.4688424601789052,0.36363636363636365
grid,SI_11-11,SI,11-11,SI 11,single-month grid,grid,1,15,0.02794746238482085,1.5024486045132257,11,-0.031425716905588263,-1.164315114578869,0.2727272727272727,0.7412587412587412,-0.08092031946605155,0.009819785228131143,?,-0.025592383572254938,-0.9481915432763804,0.2727272727272727,-0.031425716905588263,-1.164315114578869,0.2727272727272727,-0.03975905023892158,-1.4730630735824244,0.2727272727272727
grid,ZR_3-3,ZR,03-03,ZR 03,single-month grid,grid,1,15,0.020326144562542104,1.3034732303672805,12,-0.017937244105877884,-1.1739985841582674,0.5,0.1958041958041958,-0.019909560598056944,-0.015964927613698818,Y,-0.012103910772544553,-0.7922049800888207,0.5833333333333334,-0.017937244105877884,-1.1739985841582674,0.5,-0.026270577439211223,-1.719418018543192,0.16666666666666666
grid,SI_3-3,SI,03-03,SI 03,single-month grid,grid,1,14,0.007903219330560329,0.3259414888113496,12,-0.034901336882962944,-1.184937999029014,0.4166666666666667,0.7722277722277723,-0.053621597477738266,-0.01618107628818762,?,-0.029068003549629615,-0.9868900459993583,0.4166666666666667,-0.034901336882962944,-1.184937999029014,0.4166666666666667,-0.04323467021629627,-1.467863646214237,0.3333333333333333
grid,CT_10-10,CT,10-10,CT 10,single-month grid,grid,1,15,0.008741175726976956,0.32292645496481376,11,-0.0347334424214073,-1.1935796611494356,0.45454545454545453,0.6373626373626373,-2.2511014880133294e-05,-0.06365921859351327,Y,-0.02890010908807397,-0.9931230539724726,0.45454545454545453,-0.0347334424214073,-1.1935796611494356,0.45454545454545453,-0.04306677575474063,-1.4799462428308112,0.36363636363636365
grid,CC_6-6,CC,06-06,CC 06,single-month grid,grid,1,15,0.03705060018666414,2.027425944540514,12,-0.03787611922321206,-1.203724490838919,0.25,0.6453546453546454,-0.045268287838003594,-0.030483950608420508,?,-0.032042785889878724,-1.0183378582966611,0.25,-0.03787611922321206,-1.203724490838919,0.25,-0.046209452556545384,-1.4685625373278584,0.25
grid,CC_10-10,CC,10-10,CC 10,single-month grid,grid,-1,15,-0.04964784130438882,-2.6035300401248804,11,-0.02494431286761327,-1.223709451758654,0.36363636363636365,0.5094905094905094,-0.05593065940488258,0.0008776425801111666,?,-0.01911097953427993,-0.9375398076740934,0.36363636363636365,-0.02494431286761327,-1.223709451758654,0.36363636363636365,-0.033277646200946594,-1.6325232290223122,0.36363636363636365
named,CC_10-10,CC,10-10,Cocoa Oct,holiday chocolate demand,softs seasonality,-1,15,-0.04964784130438882,-2.6035300401248804,11,-0.02494431286761327,-1.223709451758654,0.36363636363636365,0.48451548451548454,-0.05593065940488258,0.0008776425801111666,?,-0.01911097953427993,-0.9375398076740934,0.36363636363636365,-0.02494431286761327,-1.223709451758654,0.36363636363636365,-0.033277646200946594,-1.6325232290223122,0.36363636363636365
grid,GF_3-3,GF,03-03,GF 03,single-month grid,grid,1,13,0.0104675346378392,0.7224502324607782,12,-0.01715315894287059,-1.2321492274035968,0.5,0.16983016983016982,-0.026691095073251837,-0.007615222812489342,N,-0.011319825609537261,-0.8131280323110345,0.5,-0.01715315894287059,-1.2321492274035968,0.5,-0.02548649227620393,-1.8307509346786874,0.25
grid,CT_8-8,CT,08-08,CT 08,single-month grid,grid,1,15,0.012536631179570228,0.6100421145358506,12,-0.025756948913266103,-1.2717527266678914,0.4166666666666667,0.5384615384615384,-0.06828345209787796,0.016769554271345754,Y,-0.019923615579932778,-0.9837311291871264,0.5,-0.025756948913266103,-1.2717527266678914,0.4166666666666667,-0.03409028224659944,-1.6832121516404135,0.16666666666666666
grid,ZO_4-4,ZO,04-04,ZO 04,single-month grid,grid,-1,15,-0.028436776584440628,-1.35207157077352,12,-0.035996268315695745,-1.2788897809632733,0.3333333333333333,0.6033966033966034,-0.07686862647015076,0.0048760898387592766,?,-0.030162934982362413,-1.0716407871641163,0.3333333333333333,-0.035996268315695745,-1.2788897809632733,0.3333333333333333,-0.04432960164902907,-1.5749597721049262,0.3333333333333333
grid,PA_11-11,PA,11-11,PA 11,single-month grid,grid,1,14,0.019927810135652414,0.8430321955513308,11,-0.048655258874662356,-1.2808959620036717,0.2727272727272727,0.7322677322677322,-0.009920356295116131,-0.08093434435761755,?,-0.04282192554132903,-1.1273279143865387,0.36363636363636365,-0.048655258874662356,-1.2808959620036717,0.2727272727272727,-0.0569885922079957,-1.5002788871710049,0.2727272727272727
grid,HE_6-6,HE,06-06,HE 06,single-month grid,grid,1,14,0.01648275825837145,0.8400008751199494,12,-0.04064610649689601,-1.2862088557420501,0.4166666666666667,0.6483516483516484,-0.06806147444391131,-0.013230738549880716,Y,-0.03481277316356268,-1.1016183589277586,0.4166666666666667,-0.04064610649689601,-1.2862088557420501,0.4166666666666667,-0.04897943983022934,-1.5499095654767516,0.3333333333333333
named,ZW_7-7,ZW,07-07,Wheat harvest pressure,winter-wheat harvest glut,CME grains course,1,14,0.07348287435331233,2.3877974647392093,12,-0.035121940865030864,-1.3084707628455032,0.4166666666666667,0.7262737262737263,-0.059037376537080764,-0.011206505192980965,Y,-0.029288607531697524,-1.0911494551782974,0.4166666666666667,-0.035121940865030864,-1.3084707628455032,0.4166666666666667,-0.043455274198364195,-1.6189297737986539,0.4166666666666667
grid,ZW_7-7,ZW,07-07,ZW 07,single-month grid,grid,1,14,0.07348287435331233,2.3877974647392093,12,-0.035121940865030864,-1.3084707628455032,0.4166666666666667,0.7432567432567433,-0.059037376537080764,-0.011206505192980965,Y,-0.029288607531697524,-1.0911494551782974,0.4166666666666667,-0.035121940865030864,-1.3084707628455032,0.4166666666666667,-0.043455274198364195,-1.6189297737986539,0.4166666666666667
grid,NG_3-3,NG,03-03,NG 03,single-month grid,grid,-1,14,-0.008979973924020128,-0.1720037317192189,12,-0.0457374747383729,-1.3133685532364927,0.4166666666666667,0.6273726273726273,-0.06104195054849881,-0.030432998928246996,?,-0.03990414140503957,-1.1458622227193314,0.5,-0.0457374747383729,-1.3133685532364927,0.4166666666666667,-0.05407080807170622,-1.5526633111181514,0.3333333333333333
grid,CT_3-3,CT,03-03,CT 03,single-month grid,grid,1,15,0.003456188194812068,0.13484747189641536,12,-0.03283333462215995,-1.3201864418506837,0.3333333333333333,0.6283716283716284,-0.044454228162083186,-0.021212441082236716,Y,-0.027000001288826615,-1.0856355603735193,0.4166666666666667,-0.03283333462215995,-1.3201864418506837,0.3333333333333333,-0.04116666795549328,-1.6552591296752044,0.3333333333333333
named,NG_7-8,NG,07-08,NatGas summer cooling,electricity cooling demand,EIA 2013; CME,-1,14,-0.10247416135862306,-1.7081401094529494,12,-0.08828962580409216,-1.358455082398673,0.3333333333333333,0.7462537462537463,-0.10418988253748529,-0.07238936907069904,?,-0.07662295913742549,-1.1789476659423905,0.3333333333333333,-0.08828962580409216,-1.358455082398673,0.3333333333333333,-0.10495629247075883,-1.6148942487647908,0.25
grid,PA_10-10,PA,10-10,PA 10,single-month grid,grid,1,14,0.006865081586338783,0.3198506982152687,11,-0.04249259794351079,-1.368786277362361,0.5454545454545454,0.6773226773226774,-0.03886178081855245,-0.04551827888097606,?,-0.036659264610177454,-1.180880924327422,0.5454545454545454,-0.04249259794351079,-1.368786277362361,0.5454545454545454,-0.050825931276844115,-1.6372224959837016,0.2727272727272727
grid,PA_6-6,PA,06-06,PA 06,single-month grid,grid,-1,15,-0.03278436363139104,-1.6687761338203748,12,-0.038536475066768335,-1.3722413823830442,0.3333333333333333,0.5724275724275725,-0.05158230128953437,-0.025490648844002317,?,-0.03270314173343501,-1.1645228148865256,0.4166666666666667,-0.038536475066768335,-1.3722413823830442,0.3333333333333333,-0.046869808400101666,-1.6689821930923563,0.25
grid,ZL_3-3,ZL,03-03,ZL 03,single-month grid,grid,-1,14,-0.0030110042996123834,-0.12277782868466493,12,-0.027894958069995035,-1.3741429923134105,0.5,0.5764235764235764,-0.006018998930363682,-0.04977091720962638,Y,-0.022061624736661706,-1.0867851801340698,0.5,-0.027894958069995035,-1.3741429923134105,0.5,-0.036228291403328367,-1.784654152569612,0.5
grid,SI_2-2,SI,02-02,SI 02,single-month grid,grid,1,14,0.040703913803008175,1.880431974831071,12,-0.03213386852684433,-1.3871003545328622,0.3333333333333333,0.7282717282717283,-0.04740686997932833,-0.016860867074360315,?,-0.026300535193511,-1.1352969114455311,0.3333333333333333,-0.03213386852684433,-1.3871003545328622,0.3333333333333333,-0.04046720186017765,-1.746819558943335,0.3333333333333333
grid,ZS_9-9,ZS,09-09,ZS 09,single-month grid,grid,-1,14,-0.06319309995502284,-1.8973881417803453,11,-0.02360543779573181,-1.3915507194591128,0.36363636363636365,0.48951048951048953,-0.04133741927688085,-0.008828786561440944,Y,-0.017772104462398478,-1.0476732083920417,0.36363636363636365,-0.02360543779573181,-1.3915507194591128,0.36363636363636365,-0.03193877112906514,-1.8828043066977855,0.36363636363636365
named,ZS_5-6,ZS,05-06,Soy planting premium,planting weather risk,CME grains course,1,14,0.03701833291891538,1.3445271796687517,12,-0.03537689115797745,-1.4084209890440316,0.4166666666666667,0.4725274725274725,-0.017236641128680157,-0.05351714118727474,Y,-0.02371022449131079,-0.9439489094557608,0.4166666666666667,-0.03537689115797745,-1.4084209890440316,0.4166666666666667,-0.05204355782464413,-2.0719525313129905,0.3333333333333333
grid,CC_5-5,CC,05-05,CC 05,single-month grid,grid,-1,15,-0.03434186734262283,-1.2239875556663864,12,-0.03205834778254963,-1.4118596637731449,0.4166666666666667,0.6023976023976024,-0.027064265972331417,-0.037052429592767853,?,-0.026225014449216304,-1.1549578391831794,0.4166666666666667,-0.03205834778254963,-1.4118596637731449,0.4166666666666667,-0.04039168111588297,-1.7788622703302386,0.4166666666666667
grid,KC_8-8,KC,08-08,KC 08,single-month grid,grid,-1,15,-0.003454491862794879,-0.17142804061482608,12,-0.0471118245480767,-1.4168810885242584,0.5,0.7942057942057942,0.0048827164621493835,-0.09910636555830278,?,-0.04127849121474337,-1.2414444595602545,0.5,-0.0471118245480767,-1.4168810885242584,0.5,-0.05544515788141003,-1.6675048441871205,0.4166666666666667
grid,HE_1-1,HE,01-01,HE 01,single-month grid,grid,1,14,0.006488682986360435,0.4082620369696947,12,-0.04724240622594181,-1.4273528030293878,0.4166666666666667,0.7272727272727273,-0.08255655313228404,-0.01192825931959958,Y,-0.04140907289260848,-1.2511080824595457,0.5,-0.04724240622594181,-1.4273528030293878,0.4166666666666667,-0.05557573955927513,-1.6791309752720198,0.3333333333333333
grid,KC_6-6,KC,06-06,KC 06,single-month grid,grid,-1,15,-0.023573859939072773,-0.9143410977155777,12,-0.038591640044772356,-1.446742584693261,0.3333333333333333,0.6843156843156843,-0.052510293921705344,-0.02467298616783935,?,-0.03275830671143903,-1.228059685126073,0.3333333333333333,-0.038591640044772356,-1.446742584693261,0.3333333333333333,-0.04692497337810569,-1.7591467269321008,0.3333333333333333
named,CT_10-11,CT,10-11,Cotton harvest,harvest pressure,ag seasonality study,1,15,0.011211822692436653,0.4250823167028883,11,-0.026961585673369107,-1.4652618798538193,0.36363636363636365,0.3166833166833167,0.005428185434016486,-0.053953061596190434,Y,-0.015294919006702445,-0.8312219484223036,0.45454545454545453,-0.026961585673369107,-1.4652618798538193,0.36363636363636365,-0.04362825234003577,-2.3710332104702707,0.2727272727272727
grid,ZL_12-12,ZL,12-12,ZL 12,single-month grid,grid,1,15,0.011265451392967547,0.9196652864915,11,-0.040130039535927815,-1.4667255412795224,0.2727272727272727,0.7662337662337663,-0.011939371242721642,-0.06362226311359963,Y,-0.03429670620259449,-1.2535211913775683,0.2727272727272727,-0.040130039535927815,-1.4667255412795224,0.2727272727272727,-0.04846337286926115,-1.7713031839965998,0.2727272727272727
named,ZL_12-12,ZL,12-12,Soybean-oil demand,holiday food demand,ag seasonality study,1,15,0.011265451392967547,0.9196652864915,11,-0.040130039535927815,-1.4667255412795224,0.2727272727272727,0.7252747252747253,-0.011939371242721642,-0.06362226311359963,Y,-0.03429670620259449,-1.2535211913775683,0.2727272727272727,-0.040130039535927815,-1.4667255412795224,0.2727272727272727,-0.04846337286926115,-1.7713031839965998,0.2727272727272727
named,GC_8-10,GC,08-10,Gold autumn effect,jewellery demand + festival season,SSRN 2598514,1,14,0.03532621842495175,1.2660298466237359,11,-0.035532613837128545,-1.4832077854849903,0.2727272727272727,0.7062937062937062,-0.04868739979643174,-0.024570292204375888,?,-0.01803261383712856,-0.7527201167488006,0.36363636363636365,-0.035532613837128545,-1.4832077854849903,0.2727272727272727,-0.06053261383712855,-2.5267615979652627,0.18181818181818182
grid,LB_7-7,LB,07-07,LB 07,single-month grid,grid,1,14,0.007007443825044093,0.41694659718165683,8,-0.09277887570353133,-1.4945701762259633,0.25,0.8261738261738262,-0.10586746979937273,-0.07969028160768993,?,-0.086945542370198,-1.400601307107053,0.375,-0.09277887570353133,-1.4945701762259633,0.25,-0.10111220903686467,-1.6288114178244069,0.25
grid,CC_7-7,CC,07-07,CC 07,single-month grid,grid,1,15,0.010184437430408894,0.4014205988941631,12,-0.030543723642269805,-1.4946144726197819,0.4166666666666667,0.5634365634365635,-0.04893542394887679,-0.012152023335662829,?,-0.024710390308936472,-1.2091684501986766,0.4166666666666667,-0.030543723642269805,-1.4946144726197819,0.4166666666666667,-0.03887705697560314,-1.9023945046499326,0.4166666666666667
grid,HG_3-3,HG,03-03,HG 03,single-month grid,grid,1,14,0.022809897848418165,1.0085854313800333,12,-0.02665419750249154,-1.5043589411871927,0.3333333333333333,0.7082917082917083,-0.0490412196538067,-0.004267175351176382,?,-0.02082086416915821,-1.1751264757901385,0.3333333333333333,-0.02665419750249154,-1.5043589411871927,0.3333333333333333,-0.03498753083582488,-1.9746910346115558,0.25
grid,ZL_8-8,ZL,08-08,ZL 08,single-month grid,grid,-1,15,-0.0016237683354827475,-0.08180963473389621,12,-0.024551672346217943,-1.5088432424846965,0.25,0.5094905094905094,-0.040751120807762616,-0.008352223884673262,Y,-0.01871833901288461,-1.15035093870008,0.25,-0.024551672346217943,-1.5088432424846965,0.25,-0.03288500567955127,-2.020975105034148,0.25
grid,HO_8-8,HO,08-08,HO 08,single-month grid,grid,1,14,0.028040354198793572,1.3149852451000588,12,-0.026891837241396394,-1.5596807569938076,0.4166666666666667,0.5164835164835165,-7.156678662077291e-05,-0.05371210769617202,?,-0.021058503908063065,-1.2213573591738487,0.5,-0.026891837241396394,-1.5596807569938076,0.4166666666666667,-0.03522517057472973,-2.0429998967366063,0.4166666666666667
grid,PL_5-5,PL,05-05,PL 05,single-month grid,grid,-1,11,-0.0015534884525039252,-0.07989303271583476,12,-0.0316660709223189,-1.5733324861323987,0.25,0.47352647352647353,-0.011342338969429369,-0.05198980287520843,?,-0.025832737588985574,-1.2835026282290734,0.25,-0.0316660709223189,-1.5733324861323987,0.25,-0.03999940425565224,-1.9873751402800075,0.25
grid,PL_2-2,PL,02-02,PL 02,single-month grid,grid,1,12,0.037094904867677095,1.9606159304982844,12,-0.03453811115762636,-1.585090405192413,0.3333333333333333,0.5234765234765235,-0.03614246997755736,-0.032933752337695354,?,-0.028704777824293037,-1.3173756869567566,0.4166666666666667,-0.03453811115762636,-1.585090405192413,0.3333333333333333,-0.0428714444909597,-1.9675400026719236,0.3333333333333333
grid,SB_11-11,SB,11-11,SB 11,single-month grid,grid,1,15,0.005489639919108918,0.35669601964685815,11,-0.02672664919690407,-1.624731037851967,0.36363636363636365,0.5734265734265734,-0.029532845906536744,-0.024388151938876845,Y,-0.02089331586357074,-1.2701187686154256,0.45454545454545453,-0.02672664919690407,-1.624731037851967,0.36363636363636365,-0.035059982530237406,-2.131319993904169,0.2727272727272727
grid,CL_12-12,CL,12-12,CL 12,single-month grid,grid,-1,15,-0.01602860388018074,-0.5163398203960873,11,-0.041860160289426775,-1.6399866717447056,0.2727272727272727,0.7112887112887113,-0.027043272912104854,-0.05420756643719504,?,-0.036026826956093445,-1.4114498278251866,0.2727272727272727,-0.041860160289426775,-1.6399866717447056,0.2727272727272727,-0.05019349362276011,-1.9664678773440183,0.2727272727272727
grid,RB_6-6,RB,06-06,RB 06,single-month grid,grid,-1,14,-0.031361273970965865,-0.9510912453130935,12,-0.03439763582811141,-1.6456253757976436,0.3333333333333333,0.6853146853146853,-0.04421183290572087,-0.024583438750501962,Y,-0.02856430249477808,-1.3665515055238493,0.3333333333333333,-0.03439763582811141,-1.6456253757976436,0.3333333333333333,-0.04273096916144475,-2.0443023333316357,0.3333333333333333
grid,ZR_7-7,ZR,07-07,ZR 07,single-month grid,grid,1,15,0.015749101510579237,0.4088947545408204,12,-0.05078878097838537,-1.6714766223534983,0.4166666666666667,0.8211788211788211,-0.03771453634597606,-0.0638630256107947,Y,-0.04495544764505205,-1.4794995733037966,0.4166666666666667,-0.05078878097838537,-1.6714766223534983,0.4166666666666667,-0.05912211431171871,-1.9457295495673588,0.3333333333333333
grid,LE_11-11,LE,11-11,LE 11,single-month grid,grid,-1,14,-0.00015805922325142865,-0.010777066322080612,11,-0.03138408224073823,-1.6770623249373369,0.2727272727272727,0.6813186813186813,-0.045363627395975145,-0.0197344612780408,Y,-0.0255507489074049,-1.3653481417060753,0.36363636363636365,-0.03138408224073823,-1.6770623249373369,0.2727272727272727,-0.03971741557407157,-2.122368300981997,0.2727272727272727
grid,HO_10-10,HO,10-10,HO 10,single-month grid,grid,-1,15,-0.032227527324228025,-1.0723886239012543,11,-0.043685712558313376,-1.6842548295134443,0.2727272727272727,0.6793206793206793,-0.02161776474002401,-0.06207566907355453,?,-0.037852379224980054,-1.4593570479855853,0.2727272727272727,-0.043685712558313376,-1.6842548295134443,0.2727272727272727,-0.05201904589164672,-2.0055373745532434,0.2727272727272727
grid,ZM_1-1,ZM,01-01,ZM 01,single-month grid,grid,-1,14,-0.008254955367177737,-0.45197892902754283,12,-0.0235773768814576,-1.691455836123281,0.25,0.4855144855144855,-0.03249418995018851,-0.014660563812726688,N,-0.017744043548124266,-1.272968836474101,0.3333333333333333,-0.0235773768814576,-1.691455836123281,0.25,-0.03191071021479093,-2.2892944070506815,0.16666666666666666
grid,LB_5-5,LB,05-05,LB 05,single-month grid,grid,1,14,0.005342628815486348,0.15521859718353814,9,-0.0991569374381122,-1.695800401338602,0.2222222222222222,0.8671328671328671,-0.02868138173024723,-0.1555373820044042,?,-0.09332360410477887,-1.5960376488435224,0.3333333333333333,-0.0991569374381122,-1.695800401338602,0.2222222222222222,-0.10749027077144553,-1.8383186191887164,0.2222222222222222
grid,SB_7-7,SB,07-07,SB 07,single-month grid,grid,1,15,0.054904316631168446,2.1792446645311734,12,-0.03487272968889838,-1.7377935454231754,0.3333333333333333,0.7022977022977023,-0.04585016912079675,-0.023895290257000015,Y,-0.02903939635556504,-1.4471042559582428,0.4166666666666667,-0.03487272968889838,-1.7377935454231754,0.3333333333333333,-0.043206063022231705,-2.1530639589445073,0.3333333333333333
grid,ZC_4-4,ZC,04-04,ZC 04,single-month grid,grid,-1,14,-0.001183437801698151,-0.09605137742109097,12,-0.04698035360149386,-1.7409896625098868,0.25,0.9240759240759241,-0.014484805371469836,-0.07947590183151788,Y,-0.04114702026816053,-1.5248190240882822,0.3333333333333333,-0.04698035360149386,-1.7409896625098868,0.25,-0.05531368693482719,-2.049804860255037,0.25
grid,KC_9-9,KC,09-09,KC 09,single-month grid,grid,1,15,0.017714246911700735,0.705593026829963,11,-0.03788923996153682,-1.7485715358231197,0.36363636363636365,0.6983016983016983,0.00245792725904502,-0.07151187931202169,?,-0.032055906628203484,-1.4793658025862064,0.36363636363636365,-0.03788923996153682,-1.7485715358231197,0.36363636363636365,-0.046222573294870145,-2.133151154732995,0.2727272727272727
grid,HG_7-7,HG,07-07,HG 07,single-month grid,grid,1,14,0.033373680056965345,1.7120053111067233,12,-0.03515147000547681,-1.7511214251771807,0.4166666666666667,0.8641358641358642,-0.030242615650478408,-0.04006032436047522,?,-0.029318136672143485,-1.460525470623682,0.4166666666666667,-0.03515147000547681,-1.7511214251771807,0.4166666666666667,-0.04348480333881014,-2.1662585031107504,0.4166666666666667
grid,ZC_2-2,ZC,02-02,ZC 02,single-month grid,grid,1,14,0.02928351032534359,2.087038055949101,12,-0.029093323094244575,-1.768273788293144,0.3333333333333333,0.6673326673326674,-0.026716565837352376,-0.03147008035113676,Y,-0.023259989760911242,-1.4137274754399873,0.5,-0.029093323094244575,-1.768273788293144,0.3333333333333333,-0.0374266564275779,-2.27476852094051,0.25
grid,PL_11-11,PL,11-11,PL 11,single-month grid,grid,1,12,0.02289653731048392,1.5321831664163497,11,-0.048740412112806886,-1.7684353005238251,0.2727272727272727,0.7912087912087912,-0.09694814688534044,-0.008567299802362269,?,-0.042907078779473556,-1.5567860316888904,0.2727272727272727,-0.048740412112806886,-1.7684353005238251,0.2727272727272727,-0.05707374544614021,-2.0707913988594457,0.2727272727272727
grid,LB_4-4,LB,04-04,LB 04,single-month grid,grid,-1,14,-0.010097204277497218,-0.32415697023743056,9,-0.08952144444249048,-1.7687491029868672,0.4444444444444444,0.8381618381618382,-0.030661832200777152,-0.13660913423586113,?,-0.08368811110915714,-1.6534951192624985,0.4444444444444444,-0.08952144444249048,-1.7687491029868672,0.4444444444444444,-0.09785477777582383,-1.933397651164536,0.4444444444444444
grid,SB_2-2,SB,02-02,SB 02,single-month grid,grid,-1,14,-0.00783014286417868,-0.31801881706355195,12,-0.028012662081434478,-1.7726381315734212,0.25,0.5944055944055944,-0.023458477008529755,-0.03256684715433918,Y,-0.02217932874810113,-1.4035054489749286,0.25,-0.028012662081434478,-1.7726381315734212,0.25,-0.0363459954147678,-2.2999705352855515,0.25
grid,RB_8-8,RB,08-08,RB 08,single-month grid,grid,1,14,0.007471875213829031,0.17950157796619057,12,-0.06763778050862329,-1.7835194083759482,0.25,0.8911088911088911,-0.010852884138377811,-0.12442267687886877,Y,-0.06180444717528996,-1.6297020723059104,0.25,-0.06763778050862329,-1.7835194083759482,0.25,-0.07597111384195662,-2.0032584599045737,0.25
grid,KC_12-12,KC,12-12,KC 12,single-month grid,grid,1,15,0.028721935516977697,1.2854766925386678,11,-0.039623830255926695,-1.7927220694432457,0.2727272727272727,0.7022977022977023,-0.014006830251718472,-0.060971330259433555,?,-0.033790496922593366,-1.5288014606191804,0.2727272727272727,-0.039623830255926695,-1.7927220694432457,0.2727272727272727,-0.04795716358926003,-2.169751510620482,0.2727272727272727
grid,HO_9-9,HO,09-09,HO 09,single-month grid,grid,-1,14,-0.01161767796227607,-0.4044971384089867,11,-0.03901024355639098,-1.8384408576273215,0.36363636363636365,0.6193806193806194,-0.050295772557328866,-0.029605636055609414,?,-0.03317691022305765,-1.5635325935797766,0.36363636363636365,-0.03901024355639098,-1.8384408576273215,0.36363636363636365,-0.04734357688972432,-2.2311669491238146,0.36363636363636365
grid,LB_3-3,LB,03-03,LB 03,single-month grid,grid,1,14,0.01729032937532599,0.9373985778600206,9,-0.10851006708759783,-1.8515916261895602,0.2222222222222222,0.9020979020979021,0.006952002616686862,-0.20087972285102557,?,-0.1026767337542645,-1.752052924918156,0.2222222222222222,-0.10851006708759783,-1.8515916261895602,0.2222222222222222,-0.11684340042093116,-1.9937897708629948,0.1111111111111111
grid,ZL_1-1,ZL,01-01,ZL 01,single-month grid,grid,-1,14,-0.0010622665403316345,-0.07289752221749482,12,-0.04769942487203017,-1.8921686580067116,0.25,0.8961038961038961,-0.007418959227419725,-0.08797989051664061,Y,-0.04186609153869684,-1.660768582751059,0.3333333333333333,-0.04769942487203017,-1.8921686580067116,0.25,-0.0560327582053635,-2.222740194086216,0.25
grid,SB_12-12,SB,12-12,SB 12,single-month grid,grid,1,15,0.024960950238825958,1.1039095594995887,11,-0.04777564730718991,-1.9086730678190387,0.18181818181818182,0.8261738261738262,-0.02813133465602289,-0.0641459078498291,Y,-0.041942313973856574,-1.675627010748268,0.36363636363636365,-0.04777564730718991,-1.9086730678190387,0.18181818181818182,-0.056108980640523234,-2.2415960064915685,0.18181818181818182
grid,SI_4-4,SI,04-04,SI 04,single-month grid,grid,-1,14,-0.010185044600182273,-0.30790738264400563,12,-0.03556616917760787,-1.9156866829952037,0.3333333333333333,0.7832167832167832,-0.04473381303000482,-0.026398525325210895,?,-0.029732835844274542,-1.601488127386515,0.3333333333333333,-0.03556616917760787,-1.9156866829952037,0.3333333333333333,-0.04389950251094119,-2.364541762436189,0.25
grid,SI_5-5,SI,05-05,SI 05,single-month grid,grid,-1,14,-0.00864313236177093,-0.2947516783597977,12,-0.049306692586789706,-1.9157955641141442,0.25,0.9070929070929071,-0.049215581447101316,-0.04939780372647812,?,-0.043473359253456384,-1.689143287563084,0.3333333333333333,-0.049306692586789706,-1.9157955641141442,0.25,-0.057640025920123045,-2.2395845306156588,0.25
grid,SB_5-5,SB,05-05,SB 05,single-month grid,grid,1,15,0.007320243144928393,0.23534391469733856,12,-0.034899015421125355,-1.9235129893512377,0.25,0.7242757242757243,-0.010212232748642707,-0.059585798093608,Y,-0.02906568208779202,-1.6019998376910864,0.25,-0.034899015421125355,-1.9235129893512377,0.25,-0.04323234875445867,-2.3828174917228804,0.25
grid,ZL_7-7,ZL,07-07,ZL 07,single-month grid,grid,-1,15,-0.014438721989617547,-0.5266393089359721,12,-0.029697892319368934,-1.9415955708168526,0.16666666666666666,0.6303696303696303,-0.023344650192304455,-0.03605113444643341,Y,-0.02386455898603561,-1.5602225750062542,0.16666666666666666,-0.029697892319368934,-1.9415955708168526,0.16666666666666666,-0.03803122565270226,-2.4864141362605645,0.08333333333333333
grid,LE_9-9,LE,09-09,LE 09,single-month grid,grid,1,14,0.02174268642780337,2.0263967749339455,11,-0.040643983384745466,-1.9635670358472002,0.2727272727272727,0.8331668331668332,-0.06334436364064108,-0.021726999838165773,Y,-0.03481065005141214,-1.6817506367503299,0.36363636363636365,-0.040643983384745466,-1.9635670358472002,0.2727272727272727,-0.04897731671807879,-2.3661618916998712,0.2727272727272727
grid,CC_1-1,CC,01-01,CC 01,single-month grid,grid,1,14,0.060208628582387895,2.4278952112999934,12,-0.0750556511684563,-1.9640548917170912,0.25,0.9310689310689311,-0.06465908244230967,-0.08545221989460298,?,-0.06922231783512299,-1.8114083329305264,0.25,-0.0750556511684563,-1.9640548917170912,0.25,-0.08338898450178965,-2.1821214042693278,0.25
grid,ZS_3-3,ZS,03-03,ZS 03,single-month grid,grid,-1,14,-0.0008003708527407616,-0.0371635483738969,12,-0.023118601705019795,-1.9678230796968907,0.16666666666666666,0.5224775224775224,-0.008935947379586459,-0.03730125603045314,Y,-0.017285268371686462,-1.4712978957189138,0.16666666666666666,-0.023118601705019795,-1.9678230796968907,0.16666666666666666,-0.03145193503835312,-2.677144771094,0.16666666666666666
grid,ZO_8-8,ZO,08-08,ZO 08,single-month grid,grid,1,15,0.006464116033287383,0.3108371712770624,12,-0.06557054131733175,-1.993581204533155,0.3333333333333333,0.8961038961038961,-0.10296262616208447,-0.028178456472579008,?,-0.05973720798399842,-1.8162268094118779,0.3333333333333333,-0.06557054131733175,-1.993581204533155,0.3333333333333333,-0.07390387465066507,-2.2469446261349786,0.25
grid,ZR_9-9,ZR,09-09,ZR 09,single-month grid,grid,1,15,0.009791838082417773,0.5158691150325848,11,-0.03714718964245664,-1.9957865496998952,0.2727272727272727,0.46853146853146854,-0.024571559967563363,-0.047626881038201035,Y,-0.03131385630912331,-1.6823822701665487,0.2727272727272727,-0.03714718964245664,-1.9957865496998952,0.2727272727272727,-0.04548052297578997,-2.4435069490332477,0.18181818181818182
grid,OJ_11-11,OJ,11-11,OJ 11,single-month grid,grid,1,14,0.029241480678636255,1.602782883007183,11,-0.032098373492253376,-2.0269907509709415,0.2727272727272727,0.5234765234765235,-0.007851958448755405,-0.05230371936183501,?,-0.02626504015892005,-1.6586196646026314,0.2727272727272727,-0.032098373492253376,-2.0269907509709415,0.2727272727272727,-0.040431706825586715,-2.553235160068528,0.2727272727272727
named,OJ_11-11,OJ,11-11,OJ freeze season onset,Florida freeze-risk premium,softs seasonality,1,14,0.029241480678636255,1.602782883007183,11,-0.032098373492253376,-2.0269907509709415,0.2727272727272727,0.4775224775224775,-0.007851958448755405,-0.05230371936183501,?,-0.02626504015892005,-1.6586196646026314,0.2727272727272727,-0.032098373492253376,-2.0269907509709415,0.2727272727272727,-0.040431706825586715,-2.553235160068528,0.2727272727272727
grid,GC_3-3,GC,03-03,GC 03,single-month grid,grid,-1,14,-0.0056281073978347446,-0.5993250543718042,12,-0.033320855653929345,-2.0281851268449658,0.16666666666666666,0.948051948051948,-0.018662471309816252,-0.047979239998042454,?,-0.02748752232059602,-1.6731198179143278,0.16666666666666666,-0.033320855653929345,-2.0281851268449658,0.16666666666666666,-0.041654188987262676,-2.5354212824601636,0.08333333333333333
grid,ZC_8-8,ZC,08-08,ZC 08,single-month grid,grid,1,15,0.012060969520465929,0.6583172196359041,12,-0.041969643605828534,-2.02963811574547,0.25,0.8781218781218781,-0.06660473688882813,-0.01733455032282893,Y,-0.036136310272495205,-1.7475400406134316,0.25,-0.041969643605828534,-2.02963811574547,0.25,-0.05030297693916186,-2.4326353659340962,0.25
grid,ZO_11-11,ZO,11-11,ZO 11,single-month grid,grid,1,14,0.0711582440240434,1.4138391251948446,11,-0.046655062666991994,-2.0669785569342483,0.2727272727272727,0.7272727272727273,-0.022108421336312713,-0.06711059710922472,?,-0.04082172933365866,-1.80854197521725,0.2727272727272727,-0.046655062666991994,-2.0669785569342483,0.2727272727272727,-0.054988396000325325,-2.436173673672819,0.2727272727272727
grid,ZW_3-3,ZW,03-03,ZW 03,single-month grid,grid,-1,14,-0.013847860392851302,-0.6281056465568376,12,-0.029107092476070295,-2.067070518116255,0.25,0.6443556443556444,-0.03182563387246957,-0.02638855107967102,Y,-0.023273759142736963,-1.6528102698420146,0.25,-0.029107092476070295,-2.067070518116255,0.25,-0.03744042580940363,-2.658870872793741,0.25
grid,ZM_3-3,ZM,03-03,ZM 03,single-month grid,grid,1,14,0.002805815954818497,0.1442859774569203,12,-0.027185375743237945,-2.0681041585822957,0.25,0.5584415584415584,-0.031603724440506076,-0.022767027045969817,N,-0.021352042409904615,-1.6243383251060324,0.25,-0.027185375743237945,-2.0681041585822957,0.25,-0.03551870907657128,-2.7020553492626735,0.16666666666666666
grid,OJ_2-2,OJ,02-02,OJ 02,single-month grid,grid,1,13,0.008539757612321083,0.4464671443956161,12,-0.09991756565048991,-2.0893703979921057,0.16666666666666666,0.983016983016983,-0.08685854225376412,-0.11297658904721569,?,-0.09408423231715658,-1.9673899042827143,0.16666666666666666,-0.09991756565048991,-2.0893703979921057,0.16666666666666666,-0.10825089898382323,-2.2636282461483788,0.16666666666666666
grid,OJ_8-8,OJ,08-08,OJ 08,single-month grid,grid,-1,13,-0.0016856301554087163,-0.058478595817509034,12,-0.05071993137812359,-2.093591734289466,0.3333333333333333,0.6713286713286714,-0.03292383356282213,-0.06851602919342505,?,-0.044886598044790255,-1.8528063444399558,0.3333333333333333,-0.05071993137812359,-2.093591734289466,0.3333333333333333,-0.059053264711456915,-2.4375708626459085,0.3333333333333333
grid,GF_4-4,GF,04-04,GF 04,single-month grid,grid,1,13,0.02009570444865263,2.2082353584527086,12,-0.037277302851315156,-2.1000248326611657,0.16666666666666666,0.6823176823176823,-0.04085531945165389,-0.03369928625097641,N,-0.03144396951798182,-1.771402751121327,0.25,-0.037277302851315156,-2.1000248326611657,0.16666666666666666,-0.045610636184648494,-2.5694849491466494,0.16666666666666666
grid,ZR_8-8,ZR,08-08,ZR 08,single-month grid,grid,-1,15,-0.013712099801466591,-0.5451565175987255,12,-0.03417292096805714,-2.1086803097085527,0.3333333333333333,0.46153846153846156,-0.02521038246546481,-0.04313545947064948,Y,-0.028339587634723815,-1.748727610568071,0.3333333333333333,-0.03417292096805714,-2.1086803097085527,0.3333333333333333,-0.04250625430139049,-2.622898451337815,0.16666666666666666
grid,OJ_1-1,OJ,01-01,OJ 01,single-month grid,grid,1,13,0.015598459330347732,0.730087963222227,12,-0.04536362198731674,-2.1159760844677478,0.25,0.6613386613386614,-0.06268106818717031,-0.02804617578746318,?,-0.03953028865398341,-1.84388154515797,0.25,-0.04536362198731674,-2.1159760844677478,0.25,-0.05369695532065009,-2.504682569196002,0.25
grid,PL_8-8,PL,08-08,PL 08,single-month grid,grid,1,12,0.017538566405038612,1.2371848840660773,12,-0.03603831930275835,-2.1234426155255264,0.3333333333333333,0.5494505494505495,-0.033749036061102834,-0.03832760254441387,?,-0.030204985969425027,-1.7797321198582805,0.3333333333333333,-0.03603831930275835,-2.1234426155255264,0.3333333333333333,-0.0443716526360917,-2.6144576093358793,0.3333333333333333
grid,GF_9-9,GF,09-09,GF 09,single-month grid,grid,1,14,0.004300204299740921,0.37746427156813445,11,-0.04551966381263183,-2.1271941270215975,0.2727272727272727,0.8701298701298701,-0.046024891687547406,-0.04509864058353549,N,-0.03968633047929849,-1.8545947409913657,0.2727272727272727,-0.04551966381263183,-2.1271941270215975,0.2727272727272727,-0.05385299714596515,-2.516621821350499,0.2727272727272727
grid,PA_4-4,PA,04-04,PA 04,single-month grid,grid,-1,13,-0.011322610470268316,-0.4433435493993075,12,-0.05005714651828413,-2.1363797921873346,0.25,0.7452547452547452,-0.04823043829565903,-0.05188385474090923,?,-0.0442238131849508,-1.887420026774536,0.25,-0.05005714651828413,-2.1363797921873346,0.25,-0.05839047985161747,-2.492036599919905,0.25
grid,GC_9-9,GC,09-09,GC 09,single-month grid,grid,1,15,0.015653234745107655,0.9905918725411069,11,-0.02989347432027879,-2.1671092638056564,0.18181818181818182,0.9270729270729271,-0.03886116434168245,-0.022420399302442412,?,-0.024060140986945464,-1.7442253069228861,0.18181818181818182,-0.02989347432027879,-2.1671092638056564,0.18181818181818182,-0.038226807653612124,-2.771229202209615,0.18181818181818182
grid,PA_8-8,PA,08-08,PA 08,single-month grid,grid,-1,13,-0.03221469618538314,-1.2732152282878977,12,-0.03388380428502882,-2.167116490711718,0.3333333333333333,0.4825174825174825,-0.04954664422621221,-0.01822096434384543,?,-0.028050470951695484,-1.7940322656894838,0.3333333333333333,-0.03388380428502882,-2.167116490711718,0.3333333333333333,-0.042217137618362155,-2.7000939550291947,0.3333333333333333
grid,NG_2-2,NG,02-02,NG 02,single-month grid,grid,1,14,0.002492062983982021,0.06051331211484649,12,-0.10664913757276669,-2.1849396270436046,0.16666666666666666,0.9470529470529471,-0.13075449011513915,-0.08254378503039426,?,-0.10081580423943337,-2.065431101725637,0.16666666666666666,-0.10664913757276669,-2.1849396270436046,0.16666666666666666,-0.11498247090610003,-2.355666091783557,0.16666666666666666
grid,GF_7-7,GF,07-07,GF 07,single-month grid,grid,1,14,0.0089770120388069,0.9525822751321834,12,-0.025338373899862935,-2.2372399162957683,0.25,0.37662337662337664,-0.026007447871724224,-0.024669299928001643,N,-0.019505040566529606,-1.7221884678497192,0.3333333333333333,-0.025338373899862935,-2.2372399162957683,0.25,-0.03367170723319628,-2.973027699790126,0.16666666666666666
grid,PA_9-9,PA,09-09,PA 09,single-month grid,grid,-1,15,-0.043481463431924584,-1.263166127335416,11,-0.0701574776004124,-2.240342352175135,0.09090909090909091,0.9270729270729271,-0.10371418580840268,-0.042193554093753825,?,-0.06432414426707907,-2.0540662178554943,0.09090909090909091,-0.0701574776004124,-2.240342352175135,0.09090909090909091,-0.07849081093374573,-2.5064511154889075,0.09090909090909091
grid,KC_2-2,KC,02-02,KC 02,single-month grid,grid,1,15,0.01754666736023931,0.5323157495252286,12,-0.055299943830673826,-2.2478285874437827,0.25,0.8601398601398601,-0.08136349760552013,-0.02923639005582751,?,-0.04946661049734049,-2.0107156264088704,0.25,-0.055299943830673826,-2.2478285874437827,0.25,-0.06363327716400714,-2.586561388922228,0.25
grid,GC_11-11,GC,11-11,GC 11,single-month grid,grid,1,15,0.02861103158868934,2.1336935403633497,11,-0.033237336463589444,-2.266001801598448,0.2727272727272727,0.965034965034965,-0.05710446714073002,-0.013348060899305625,?,-0.027404003130256108,-1.868306160218221,0.2727272727272727,-0.033237336463589444,-2.266001801598448,0.2727272727272727,-0.04157066979692277,-2.8341384321416294,0.18181818181818182
grid,ZO_2-2,ZO,02-02,ZO 02,single-month grid,grid,1,15,0.035619974029995685,1.3061441485174485,12,-0.05341609987496173,-2.274573622195294,0.3333333333333333,0.7942057942057942,-0.08200564768815859,-0.024826552061764862,?,-0.04758276654162839,-2.0261776112448207,0.4166666666666667,-0.05341609987496173,-2.274573622195294,0.3333333333333333,-0.06174943320829505,-2.6294250664102545,0.25
grid,ZM_11-11,ZM,11-11,ZM 11,single-month grid,grid,1,15,0.0021235540166876085,0.11795496675378944,11,-0.027026406021655434,-2.2935503791823586,0.36363636363636365,0.5514485514485514,-0.036113377231475306,-0.019453930013472207,N,-0.021193072688322098,-1.7985143811349844,0.36363636363636365,-0.027026406021655434,-2.2935503791823586,0.36363636363636365,-0.03535973935498876,-3.0007446621071785,0.2727272727272727
grid,GC_5-5,GC,05-05,GC 05,single-month grid,grid,1,14,0.002985605437246666,0.2302271953100625,12,-0.022225185536559517,-2.309980456673096,0.16666666666666666,0.7292707292707292,-0.025102679407720725,-0.019347691665398303,?,-0.016391852203226184,-1.7036914349191903,0.25,-0.022225185536559517,-2.309980456673096,0.16666666666666666,-0.03055851886989285,-3.1761076306072473,0.08333333333333333
grid,GF_6-6,GF,06-06,GF 06,single-month grid,grid,1,14,0.01943325102866445,1.7450079504699267,12,-0.021086168049289172,-2.359324152041314,0.3333333333333333,0.2547452547452547,-0.04225414947242451,8.18133738461595e-05,N,-0.015252834715955843,-1.7066344747101623,0.3333333333333333,-0.021086168049289172,-2.359324152041314,0.3333333333333333,-0.029419501382622518,-3.291737976800104,0.16666666666666666
grid,ZS_1-1,ZS,01-01,ZS 01,single-month grid,grid,-1,14,-0.0070152879584575445,-0.49395019498418247,12,-0.03731020654304947,-2.380086464277623,0.25,0.8261738261738262,-0.020556342868807666,-0.054064070217291295,Y,-0.03147687320971614,-2.0079674385556237,0.25,-0.03731020654304947,-2.380086464277623,0.25,-0.04564353987638281,-2.911685072451908,0.25
grid,ZS_5-5,ZS,05-05,ZS 05,single-month grid,grid,1,14,0.0034330043051777536,0.13542580672524,12,-0.0309636608180129,-2.3814869491589046,0.25,0.7062937062937062,-0.024779311580543997,-0.03714801005548181,Y,-0.02513032748467957,-1.9328317567035813,0.25,-0.0309636608180129,-2.3814869491589046,0.25,-0.039296994151346236,-3.022422938380796,0.25
grid,ZW_10-10,ZW,10-10,ZW 10,single-month grid,grid,-1,15,-0.0030507266153524653,-0.12456576157525462,11,-0.02977315163326152,-2.385973290035341,0.2727272727272727,0.6253746253746254,-0.01921669452234419,-0.038570199225692645,Y,-0.023939818299928195,-1.918499181259526,0.36363636363636365,-0.02977315163326152,-2.385973290035341,0.2727272727272727,-0.03810648496659486,-3.0537934454293647,0.18181818181818182
grid,SB_8-8,SB,08-08,SB 08,single-month grid,grid,-1,15,-0.031374698603985667,-1.0921480792963116,12,-0.040565303423818456,-2.402147680465926,0.25,0.7572427572427572,-0.006203216393340366,-0.07492739045429654,Y,-0.03473197009048512,-2.056716315398813,0.25,-0.040565303423818456,-2.402147680465926,0.25,-0.04889863675715178,-2.895621059133229,0.25
grid,ZR_5-5,ZR,05-05,ZR 05,single-month grid,grid,-1,15,-0.0029927698106661555,-0.1423620532724259,12,-0.06231566668634489,-2.425776973658553,0.25,0.9330669330669331,-0.06408447004892344,-0.06054686332376633,Y,-0.05648233335301155,-2.198701401300508,0.25,-0.06231566668634489,-2.425776973658553,0.25,-0.07064900001967822,-2.750170648455759,0.25
grid,HG_5-5,HG,05-05,HG 05,single-month grid,grid,1,14,0.004789313471272392,0.2646192426930223,12,-0.03594146437263789,-2.430217047147548,0.25,0.8511488511488512,-0.05709481611445049,-0.0147881126308253,?,-0.03010813103930456,-2.0357905440595703,0.3333333333333333,-0.03594146437263789,-2.430217047147548,0.25,-0.04427479770597123,-2.993683480130373,0.16666666666666666
grid,HG_9-9,HG,09-09,HG 09,single-month grid,grid,-1,15,-0.008964096272059541,-0.3375399144363846,11,-0.03556272332122067,-2.481730019862881,0.18181818181818182,0.8061938061938062,-0.040771687108779694,-0.031221920164921483,?,-0.029729389987887336,-2.0746532524725247,0.2727272727272727,-0.03556272332122067,-2.481730019862881,0.18181818181818182,-0.043896056654554004,-3.063268258991961,0.18181818181818182
grid,CT_6-6,CT,06-06,CT 06,single-month grid,grid,1,15,0.004875976012996606,0.16367005092061818,12,-0.06860801630179286,-2.557161677681543,0.16666666666666666,0.974025974025974,-0.043623080814415904,-0.0935929517891698,Y,-0.06277468296845952,-2.339741363595701,0.25,-0.06860801630179286,-2.557161677681543,0.16666666666666666,-0.07694134963512618,-2.8677621263756015,0.16666666666666666
grid,CC_9-9,CC,09-09,CC 09,single-month grid,grid,1,15,0.010233357453382866,0.3841686843126134,11,-0.07378959825677146,-2.5961543309705943,0.2727272727272727,0.957042957042957,-0.03318366652866097,-0.10762787469686354,?,-0.06795626492343815,-2.390918986760833,0.2727272727272727,-0.07378959825677146,-2.5961543309705943,0.2727272727272727,-0.08212293159010481,-2.889347679841681,0.09090909090909091
grid,CT_4-4,CT,04-04,CT 04,single-month grid,grid,-1,15,-0.02985460434036407,-1.534696742713163,12,-0.06489790147325952,-2.624081866224267,0.16666666666666666,0.965034965034965,-0.08502299253298283,-0.04477281041353622,Y,-0.0590645681399262,-2.3882168556129657,0.16666666666666666,-0.06489790147325952,-2.624081866224267,0.16666666666666666,-0.07323123480659284,-2.961031881383268,0.16666666666666666
grid,CT_7-7,CT,07-07,CT 07,single-month grid,grid,-1,15,-0.02722152256579473,-0.7149984022581702,12,-0.051390317531017894,-2.653356461741558,0.16666666666666666,0.8731268731268731,-0.04834038420627391,-0.054440250855761874,Y,-0.045556984197684565,-2.352173020246955,0.25,-0.051390317531017894,-2.653356461741558,0.16666666666666666,-0.05972365086435122,-3.0836185210195626,0.16666666666666666
grid,GF_10-10,GF,10-10,GF 10,single-month grid,grid,-1,14,-0.00967191852794733,-0.9123537816420623,11,-0.034132051564027134,-2.6548945747504575,0.18181818181818182,0.5854145854145855,-0.05330895872382326,-0.01815129559753037,N,-0.0282987182306938,-2.201160201639999,0.36363636363636365,-0.034132051564027134,-2.6548945747504575,0.18181818181818182,-0.04246538489736047,-3.303086536336826,0.18181818181818182
grid,HG_10-10,HG,10-10,HG 10,single-month grid,grid,-1,15,-0.017059758537256584,-0.4788098425624172,11,-0.030899651270824006,-2.6645680624918806,0.18181818181818182,0.7572427572427572,-0.02807527965236794,-0.03325329428620407,?,-0.02506631793749068,-2.1615425247070723,0.2727272727272727,-0.030899651270824006,-2.6645680624918806,0.18181818181818182,-0.03923298460415734,-3.383175973613037,0.18181818181818182
grid,LE_1-1,LE,01-01,LE 01,single-month grid,grid,1,12,0.010205990296115734,0.9500331442409212,12,-0.025852710637800622,-2.8542546019495547,0.08333333333333333,0.5294705294705294,-0.04758955057951828,-0.004115870696082977,Y,-0.020019377304467307,-2.210228575254011,0.16666666666666666,-0.025852710637800622,-2.8542546019495547,0.08333333333333333,-0.034186043971133964,-3.774291782943193,0.08333333333333333
grid,LE_7-7,LE,07-07,LE 07,single-month grid,grid,1,14,0.019008113734330728,1.9996195464071058,12,-0.04537473430366706,-2.9398171249945317,0.08333333333333333,0.9010989010989011,-0.03538920205261071,-0.0553602665547234,Y,-0.03954140097033373,-2.5618769895357367,0.08333333333333333,-0.04537473430366706,-2.9398171249945317,0.08333333333333333,-0.05370806763700039,-3.479731604221382,0.08333333333333333
grid,NG_8-8,NG,08-08,NG 08,single-month grid,grid,-1,14,-0.07968719069323017,-1.5800076258578943,12,-0.094632744039164,-2.96240933546073,0.16666666666666666,0.9310689310689311,-0.1185042563898886,-0.07076123168843938,?,-0.08879941070583065,-2.779801071281375,0.16666666666666666,-0.094632744039164,-2.96240933546073,0.16666666666666666,-0.10296607737249731,-3.223278284288379,0.0
grid,PL_7-7,PL,07-07,PL 07,single-month grid,grid,-1,14,-0.013731581575990177,-0.7414040574722084,12,-0.05088257312976047,-3.019208410532043,0.08333333333333333,0.7932067932067932,-0.06231330338246834,-0.03945184287705259,?,-0.045049239796427144,-2.6730771522616967,0.16666666666666666,-0.05088257312976047,-3.019208410532043,0.08333333333333333,-0.059215906463093805,-3.5136816366325383,0.08333333333333333
grid,GF_8-8,GF,08-08,GF 08,single-month grid,grid,1,14,0.0065980655553988295,0.7572706603715451,12,-0.039665420154381945,-3.01995755584152,0.08333333333333333,0.7842157842157842,-0.06019514033526626,-0.019135699973497625,N,-0.033832086821048615,-2.575832194073581,0.16666666666666666,-0.039665420154381945,-3.01995755584152,0.08333333333333333,-0.04799875348771528,-3.654422358367149,0.08333333333333333
named,KC_2-3,KC,02-03,Coffee Feb-Mar,post-harvest tightness,ag seasonality study,1,15,0.007342263018401755,0.1963724651684529,12,-0.08204096742728718,-3.070684658837187,0.16666666666666666,0.9100899100899101,-0.07726386635857667,-0.08681806849599771,?,-0.07037430076062053,-2.6340167906181557,0.16666666666666666,-0.08204096742728718,-3.070684658837187,0.16666666666666666,-0.09870763409395385,-3.6944958991500894,0.16666666666666666
grid,ZO_9-9,ZO,09-09,ZO 09,single-month grid,grid,-1,15,-0.007431874004880833,-0.20174577170592803,11,-0.08236391092620618,-3.215038830972238,0.2727272727272727,0.9600399600399601,-0.09346447359689089,-0.07311344203396891,?,-0.07653057759287286,-2.987337244564153,0.2727272727272727,-0.08236391092620618,-3.215038830972238,0.2727272727272727,-0.09069724425953953,-3.5403268115552176,0.09090909090909091
grid,HG_12-12,HG,12-12,HG 12,single-month grid,grid,-1,15,-0.0018628112572546332,-0.08364789294645451,11,-0.045198463486977494,-3.232514664212941,0.18181818181818182,0.9230769230769231,-0.03806560159016109,-0.05114251506765782,?,-0.03936513015364416,-2.8153249173385806,0.2727272727272727,-0.045198463486977494,-3.232514664212941,0.18181818181818182,-0.05353179682031083,-3.828500016890599,0.18181818181818182
grid,LE_8-8,LE,08-08,LE 08,single-month grid,grid,1,14,0.013959754776524272,1.6425951200202864,12,-0.03127181313367232,-3.2897215707583247,0.16666666666666666,0.6583416583416584,-0.042563259508407725,-0.01998036675893691,Y,-0.02543847980033899,-2.676068553133098,0.16666666666666666,-0.03127181313367232,-3.2897215707583247,0.16666666666666666,-0.03960514646700564,-4.166368738794362,0.16666666666666666
grid,GF_1-1,GF,01-01,GF 01,single-month grid,grid,1,13,0.0004856936397433664,0.033966546623092994,12,-0.04786441065856736,-3.439604724302626,0.16666666666666666,0.9090909090909091,-0.0845060528938245,-0.011222768423310226,N,-0.042031077325234034,-3.0204130824188264,0.25,-0.04786441065856736,-3.439604724302626,0.16666666666666666,-0.056197743991900695,-4.038449926993769,0.16666666666666666
grid,SI_10-10,SI,10-10,SI 10,single-month grid,grid,-1,15,-0.006223667918776713,-0.2699066668469234,11,-0.04977457036757906,-3.578492353720137,0.09090909090909091,0.9460539460539461,-0.03436068811332912,-0.06261947224612069,?,-0.04394123703424574,-3.1591107583416487,0.18181818181818182,-0.04977457036757906,-3.578492353720137,0.09090909090909091,-0.05810790370091239,-4.177608918546548,0.09090909090909091
named,HG_7-9,HG,07-09,Copper summer lull,northern summer industrial pause,SSRN 2598514,1,14,0.009014171712526567,0.19786401011801055,11,-0.07352523852493674,-3.59525022468617,0.18181818181818182,0.8671328671328671,-0.08442457508135906,-0.06444245806125147,?,-0.056025238524936745,-2.7395321040211265,0.18181818181818182,-0.07352523852493674,-3.59525022468617,0.18181818181818182,-0.09852523852493675,-4.817704682779091,0.18181818181818182
named,SB_8-9,SB,08-09,Sugar Aug-Sep,pre-harvest tightness,ag seasonality study,-1,15,-0.02500789201410546,-0.585360451794318,11,-0.09170850052988123,-3.5968913594394576,0.09090909090909091,0.9230769230769231,-0.06567841198177829,-0.11340024098663375,Y,-0.08004183386321459,-3.1393140107277033,0.09090909090909091,-0.09170850052988123,-3.5968913594394576,0.09090909090909091,-0.10837516719654793,-4.250573286170538,0.09090909090909091
grid,ZW_8-8,ZW,08-08,ZW 08,single-month grid,grid,1,15,0.015054952227721715,0.7752163436636063,12,-0.06750862920025176,-3.685105462261762,0.08333333333333333,0.988011988011988,-0.09055839421987026,-0.044458864180633266,Y,-0.06167529586691842,-3.366680265594013,0.08333333333333333,-0.06750862920025176,-3.685105462261762,0.08333333333333333,-0.07584196253358508,-4.1399986003585445,0.0
grid,ZM_8-8,ZM,08-08,ZM 08,single-month grid,grid,1,15,0.024973373068505555,1.0392380687769252,12,-0.07312887034437006,-3.7279830828057183,0.16666666666666666,0.998001998001998,-0.08778003564108112,-0.058477705047658986,N,-0.06729553701103672,-3.4306098582416444,0.16666666666666666,-0.07312887034437006,-3.7279830828057183,0.16666666666666666,-0.08146220367770338,-4.152801975040108,0.16666666666666666
grid,PL_10-10,PL,10-10,PL 10,single-month grid,grid,-1,15,-0.01454964357881159,-0.7914463185720475,11,-0.056742161729790803,-3.8550962362744,0.18181818181818182,0.9000999000999002,-0.05962608956941886,-0.05433888853010075,?,-0.050908828396457474,-3.458776098078808,0.18181818181818182,-0.056742161729790803,-3.8550962362744,0.18181818181818182,-0.06507549506312413,-4.4212678622681025,0.18181818181818182
named,PL_10-10,PL,10-10,Platinum Oct,autocatalyst demand season,SSRN 2598514,-1,15,-0.01454964357881159,-0.7914463185720475,11,-0.056742161729790803,-3.8550962362744,0.18181818181818182,0.8921078921078921,-0.05962608956941886,-0.05433888853010075,?,-0.050908828396457474,-3.458776098078808,0.18181818181818182,-0.056742161729790803,-3.8550962362744,0.18181818181818182,-0.06507549506312413,-4.4212678622681025,0.18181818181818182
grid,ZR_1-1,ZR,01-01,ZR 01,single-month grid,grid,-1,14,-0.0035729445523072145,-0.13528859123402687,12,-0.06332610325193068,-3.884090980143665,0.08333333333333333,0.942057942057942,-0.04735926207335128,-0.07929294443051009,Y,-0.05749276991859734,-3.526304913724354,0.08333333333333333,-0.06332610325193068,-3.884090980143665,0.08333333333333333,-0.07165943658526402,-4.395213932171252,0.08333333333333333
grid,HE_11-11,HE,11-11,HE 11,single-month grid,grid,1,14,0.03562525836163376,1.6487411518982553,11,-0.04392962123577695,-4.001881718021707,0.18181818181818182,0.6753246753246753,-0.04337221414949803,-0.044394127141009376,Y,-0.03809628790244363,-3.470479230017069,0.18181818181818182,-0.04392962123577695,-4.001881718021707,0.18181818181818182,-0.05226295456911028,-4.761028129456905,0.09090909090909091
grid,ZO_5-5,ZO,05-05,ZO 05,single-month grid,grid,-1,15,-0.012647728135215416,-0.4197101822260348,12,-0.06378437814578601,-4.193598022803425,0.08333333333333333,0.8931068931068931,-0.05728222672138918,-0.07028652957018283,?,-0.05795104481245269,-3.8100769186686803,0.08333333333333333,-0.06378437814578601,-4.193598022803425,0.08333333333333333,-0.07211771147911937,-4.741485314424492,0.08333333333333333
grid,GC_10-10,GC,10-10,GC 10,single-month grid,grid,-1,15,-0.009636965183776285,-0.5983892025904395,11,-0.03820910461748999,-4.26913388280583,0.09090909090909091,0.9920079920079921,-0.028465037043424478,-0.04632916092921125,?,-0.03237577128415667,-3.6173708741632606,0.09090909090909091,-0.03820910461748999,-4.26913388280583,0.09090909090909091,-0.04654243795082333,-5.20022389515236,0.09090909090909091
grid,GF_12-12,GF,12-12,GF 12,single-month grid,grid,-1,14,-0.013546461020485337,-0.7537165512251801,11,-0.047075073194859235,-4.951143606068162,0.09090909090909091,0.8971028971028971,-0.039941667135205215,-0.0530195782445709,N,-0.0412417398615259,-4.337619949591902,0.09090909090909091,-0.047075073194859235,-4.951143606068162,0.09090909090909091,-0.05540840652819256,-5.827605972462816,0.09090909090909091
grid,GF_2-2,GF,02-02,GF 02,single-month grid,grid,1,13,0.0002516811170446911,0.028015100540690403,12,-0.0344445803757984,-5.613366234332093,0.08333333333333333,0.6363636363636364,-0.03758145318239044,-0.031307707569206374,N,-0.02861124704246508,-4.662719252726118,0.08333333333333333,-0.0344445803757984,-5.613366234332093,0.08333333333333333,-0.04277791370913175,-6.971433350912065,0.0
grid,ZC_9-9,ZC,09-09,ZC 09,single-month grid,grid,-1,15,-0.023808673100187194,-0.8013034925107524,11,-0.0746800295891809,-6.2122480967600255,0.0,0.9920079920079921,-0.08201278936847974,-0.06856939643976519,Y,-0.06884669625584755,-5.72700305739522,0.0,-0.0746800295891809,-6.2122480967600255,0.0,-0.08301336292251421,-6.905455295852601,0.0
grid,ZR_2-2,ZR,02-02,ZR 02,single-month grid,grid,1,15,0.010541768468946297,0.5688192288805636,12,-0.06395801013849921,-7.602329313621868,0.0,0.945054945054945,-0.0608162453211347,-0.06709977495586374,Y,-0.058124676805165885,-6.908953755187585,0.0,-0.06395801013849921,-7.602329313621868,0.0,-0.07229134347183254,-8.592865825670847,0.0
grid,LE_12-12,LE,12-12,LE 12,single-month grid,grid,-1,14,-0.0042822557563663936,-0.1927115122618228,11,-0.06504602372359072,-9.577700505574681,0.0,0.99000999000999,-0.07435742349384962,-0.05728652391504164,Y,-0.0592126903902574,-8.718771451690188,0.0,-0.06504602372359072,-9.577700505574681,0.0,-0.07337935705692405,-10.804742011123961,0.0
